Rep,Compound,Area,Batch
170706_Std_4uM-StdsInH2O_1,Glycine,NA,G2
170706_Std_4uM-StdsInH2O_2,Glycine,NA,G2
170706_Std_4uM-StdsInH2O_3,Glycine,NA,G2
170706_Std_4uM-StdsInH2O_4,Glycine,NA,G2
170706_Std_4uM-StdsInH2O_5,Glycine,NA,G2
170706_Std_4uM-StdsInH2O_6,Glycine,NA,G2
170706_Std_4uM-StdsInAqMatrix_1,Glycine,NA,G2
170706_Std_4uM-StdsInAqMatrix_2,Glycine,NA,G2
170706_Std_4uM-StdsInAqMatrix_3,Glycine,NA,G2
170706_Std_4uM-StdsInAqMatrix_4,Glycine,NA,G2
170706_Std_4uM-StdsInAqMatrix_5,Glycine,NA,G2
170706_Blk_Blk0p2_1,Glycine,NA,G2
170706_Blk_Blk0p2_2,Glycine,NA,G2
170706_Blk_BlkMQ_1,Glycine,NA,G2
170706_Blk_BlkMQ_3,Glycine,NA,G2
170706_Blk_MQBlk_2,Glycine,NA,G2
170706_Poo_TruePoo_Full1,Glycine,NA,G2
170706_Poo_TruePoo_Full2,Glycine,NA,G2
170706_Poo_TruePoo_Full3,Glycine,NA,G2
170706_Poo_TruePoo_Full4,Glycine,NA,G2
170706_Poo_TruePoo_Full5,Glycine,NA,G2
170706_Poo_TruePoo_Full6,Glycine,NA,G2
170706_Poo_TruePoo_Full7,Glycine,NA,G2
170706_Poo_TruePoo_Half1,Glycine,NA,G2
170706_Poo_TruePoo_Half2,Glycine,NA,G2
170706_Poo_TruePoo_Half3,Glycine,NA,G2
170706_Poo_TruePoo_Half4,Glycine,NA,G2
170706_Poo_TruePoo_Half5,Glycine,NA,G2
170706_Poo_TruePoo_Half6,Glycine,NA,G2
170706_Poo_TruePoo_Half7,Glycine,NA,G2
170706_Smp_S3E15D15_A,Glycine,NA,G2
170706_Smp_S3E15D15_B,Glycine,NA,G2
170706_Smp_S3E15D15_C,Glycine,NA,G2
170706_Smp_S3E15E15_Ds,Glycine,NA,G2
170706_Smp_S4E16D15_A,Glycine,NA,G2
170706_Smp_S4E16D15_B,Glycine,NA,G2
170706_Smp_S4E16D15_C,Glycine,NA,G2
170706_Smp_S4E16D15_Ds,Glycine,NA,G2
170706_Smp_S5E28D15_A,Glycine,NA,G2
170706_Smp_S5E28D15_B,Glycine,NA,G2
170706_Smp_S5E28D15_C,Glycine,NA,G2
170706_Smp_S5E28D15_Ds,Glycine,NA,G2
170706_Smp_S6E37D15_A,Glycine,NA,G2
170706_Smp_S6E37D15_B,Glycine,NA,G2
170706_Smp_S6E37D15_C,Glycine,NA,G2
170706_Smp_S6E37D15_Ds,Glycine,NA,G2
170706_Std_4uM-StdsInH2O_1,Trimethylamine N-oxide,NA,G2
170706_Std_4uM-StdsInH2O_2,Trimethylamine N-oxide,NA,G2
170706_Std_4uM-StdsInH2O_3,Trimethylamine N-oxide,NA,G2
170706_Std_4uM-StdsInH2O_4,Trimethylamine N-oxide,NA,G2
170706_Std_4uM-StdsInH2O_5,Trimethylamine N-oxide,NA,G2
170706_Std_4uM-StdsInH2O_6,Trimethylamine N-oxide,NA,G2
170706_Std_4uM-StdsInAqMatrix_1,Trimethylamine N-oxide,NA,G2
170706_Std_4uM-StdsInAqMatrix_2,Trimethylamine N-oxide,NA,G2
170706_Std_4uM-StdsInAqMatrix_3,Trimethylamine N-oxide,NA,G2
170706_Std_4uM-StdsInAqMatrix_4,Trimethylamine N-oxide,NA,G2
170706_Std_4uM-StdsInAqMatrix_5,Trimethylamine N-oxide,NA,G2
170706_Blk_Blk0p2_1,Trimethylamine N-oxide,NA,G2
170706_Blk_Blk0p2_2,Trimethylamine N-oxide,NA,G2
170706_Blk_BlkMQ_1,Trimethylamine N-oxide,NA,G2
170706_Blk_BlkMQ_3,Trimethylamine N-oxide,NA,G2
170706_Blk_MQBlk_2,Trimethylamine N-oxide,NA,G2
170706_Poo_TruePoo_Full1,Trimethylamine N-oxide,NA,G2
170706_Poo_TruePoo_Full2,Trimethylamine N-oxide,NA,G2
170706_Poo_TruePoo_Full3,Trimethylamine N-oxide,NA,G2
170706_Poo_TruePoo_Full4,Trimethylamine N-oxide,NA,G2
170706_Poo_TruePoo_Full5,Trimethylamine N-oxide,NA,G2
170706_Poo_TruePoo_Full6,Trimethylamine N-oxide,NA,G2
170706_Poo_TruePoo_Full7,Trimethylamine N-oxide,NA,G2
170706_Poo_TruePoo_Half1,Trimethylamine N-oxide,NA,G2
170706_Poo_TruePoo_Half2,Trimethylamine N-oxide,NA,G2
170706_Poo_TruePoo_Half3,Trimethylamine N-oxide,NA,G2
170706_Poo_TruePoo_Half4,Trimethylamine N-oxide,NA,G2
170706_Poo_TruePoo_Half5,Trimethylamine N-oxide,NA,G2
170706_Poo_TruePoo_Half6,Trimethylamine N-oxide,NA,G2
170706_Poo_TruePoo_Half7,Trimethylamine N-oxide,NA,G2
170706_Smp_S3E15D15_A,Trimethylamine N-oxide,NA,G2
170706_Smp_S3E15D15_B,Trimethylamine N-oxide,NA,G2
170706_Smp_S3E15D15_C,Trimethylamine N-oxide,NA,G2
170706_Smp_S3E15E15_Ds,Trimethylamine N-oxide,NA,G2
170706_Smp_S4E16D15_A,Trimethylamine N-oxide,NA,G2
170706_Smp_S4E16D15_B,Trimethylamine N-oxide,NA,G2
170706_Smp_S4E16D15_C,Trimethylamine N-oxide,NA,G2
170706_Smp_S4E16D15_Ds,Trimethylamine N-oxide,NA,G2
170706_Smp_S5E28D15_A,Trimethylamine N-oxide,NA,G2
170706_Smp_S5E28D15_B,Trimethylamine N-oxide,NA,G2
170706_Smp_S5E28D15_C,Trimethylamine N-oxide,NA,G2
170706_Smp_S5E28D15_Ds,Trimethylamine N-oxide,NA,G2
170706_Smp_S6E37D15_A,Trimethylamine N-oxide,NA,G2
170706_Smp_S6E37D15_B,Trimethylamine N-oxide,NA,G2
170706_Smp_S6E37D15_C,Trimethylamine N-oxide,NA,G2
170706_Smp_S6E37D15_Ds,Trimethylamine N-oxide,NA,G2
170706_Std_4uM-StdsInH2O_1,L-Alanine,18154990,G2
170706_Std_4uM-StdsInH2O_2,L-Alanine,27596930,G2
170706_Std_4uM-StdsInH2O_3,L-Alanine,30058940,G2
170706_Std_4uM-StdsInH2O_4,L-Alanine,21207258,G2
170706_Std_4uM-StdsInH2O_5,L-Alanine,24793888,G2
170706_Std_4uM-StdsInH2O_6,L-Alanine,25500122,G2
170706_Std_4uM-StdsInAqMatrix_1,L-Alanine,21780756,G2
170706_Std_4uM-StdsInAqMatrix_2,L-Alanine,21001104,G2
170706_Std_4uM-StdsInAqMatrix_3,L-Alanine,21983820,G2
170706_Std_4uM-StdsInAqMatrix_4,L-Alanine,20377302,G2
170706_Std_4uM-StdsInAqMatrix_5,L-Alanine,26198442,G2
170706_Blk_Blk0p2_1,L-Alanine,162759,G2
170706_Blk_Blk0p2_2,L-Alanine,98649,G2
170706_Blk_BlkMQ_1,L-Alanine,82137,G2
170706_Blk_BlkMQ_3,L-Alanine,101106,G2
170706_Blk_MQBlk_2,L-Alanine,320620,G2
170706_Poo_TruePoo_Full1,L-Alanine,8664221,G2
170706_Poo_TruePoo_Full2,L-Alanine,4670199,G2
170706_Poo_TruePoo_Full3,L-Alanine,4319387,G2
170706_Poo_TruePoo_Full4,L-Alanine,3884343,G2
170706_Poo_TruePoo_Full5,L-Alanine,3867495,G2
170706_Poo_TruePoo_Full6,L-Alanine,2931056,G2
170706_Poo_TruePoo_Full7,L-Alanine,2344971,G2
170706_Poo_TruePoo_Half1,L-Alanine,5162885,G2
170706_Poo_TruePoo_Half2,L-Alanine,3778906,G2
170706_Poo_TruePoo_Half3,L-Alanine,3591721,G2
170706_Poo_TruePoo_Half4,L-Alanine,3887655,G2
170706_Poo_TruePoo_Half5,L-Alanine,4367762,G2
170706_Poo_TruePoo_Half6,L-Alanine,4818604,G2
170706_Poo_TruePoo_Half7,L-Alanine,4567752,G2
170706_Smp_S3E15D15_A,L-Alanine,1037000,G2
170706_Smp_S3E15D15_B,L-Alanine,1146461,G2
170706_Smp_S3E15D15_C,L-Alanine,591199,G2
170706_Smp_S3E15E15_Ds,L-Alanine,488396,G2
170706_Smp_S4E16D15_A,L-Alanine,1338321,G2
170706_Smp_S4E16D15_B,L-Alanine,625837,G2
170706_Smp_S4E16D15_C,L-Alanine,1162050,G2
170706_Smp_S4E16D15_Ds,L-Alanine,723775,G2
170706_Smp_S5E28D15_A,L-Alanine,1660865,G2
170706_Smp_S5E28D15_B,L-Alanine,1219739,G2
170706_Smp_S5E28D15_C,L-Alanine,5593327,G2
170706_Smp_S5E28D15_Ds,L-Alanine,1113721,G2
170706_Smp_S6E37D15_A,L-Alanine,22306652,G2
170706_Smp_S6E37D15_B,L-Alanine,28954848,G2
170706_Smp_S6E37D15_C,L-Alanine,27684954,G2
170706_Smp_S6E37D15_Ds,L-Alanine,2881040,G2
170706_Std_4uM-StdsInH2O_1,Sarcosine,37887668,G2
170706_Std_4uM-StdsInH2O_2,Sarcosine,52713724,G2
170706_Std_4uM-StdsInH2O_3,Sarcosine,52941848,G2
170706_Std_4uM-StdsInH2O_4,Sarcosine,20230328,G2
170706_Std_4uM-StdsInH2O_5,Sarcosine,50191296,G2
170706_Std_4uM-StdsInH2O_6,Sarcosine,59925828,G2
170706_Std_4uM-StdsInAqMatrix_1,Sarcosine,12300925,G2
170706_Std_4uM-StdsInAqMatrix_2,Sarcosine,15379405,G2
170706_Std_4uM-StdsInAqMatrix_3,Sarcosine,14987871,G2
170706_Std_4uM-StdsInAqMatrix_4,Sarcosine,7200427,G2
170706_Std_4uM-StdsInAqMatrix_5,Sarcosine,16200123,G2
170706_Blk_Blk0p2_1,Sarcosine,40901,G2
170706_Blk_Blk0p2_2,Sarcosine,38228,G2
170706_Blk_BlkMQ_1,Sarcosine,217803,G2
170706_Blk_BlkMQ_3,Sarcosine,10152,G2
170706_Blk_MQBlk_2,Sarcosine,65081,G2
170706_Poo_TruePoo_Full1,Sarcosine,1789705,G2
170706_Poo_TruePoo_Full2,Sarcosine,1488621,G2
170706_Poo_TruePoo_Full3,Sarcosine,1370857,G2
170706_Poo_TruePoo_Full4,Sarcosine,1391200,G2
170706_Poo_TruePoo_Full5,Sarcosine,1445454,G2
170706_Poo_TruePoo_Full6,Sarcosine,1338258,G2
170706_Poo_TruePoo_Full7,Sarcosine,1104307,G2
170706_Poo_TruePoo_Half1,Sarcosine,954219,G2
170706_Poo_TruePoo_Half2,Sarcosine,829880,G2
170706_Poo_TruePoo_Half3,Sarcosine,875441,G2
170706_Poo_TruePoo_Half4,Sarcosine,681664,G2
170706_Poo_TruePoo_Half5,Sarcosine,637720,G2
170706_Poo_TruePoo_Half6,Sarcosine,1012704,G2
170706_Poo_TruePoo_Half7,Sarcosine,656615,G2
170706_Smp_S3E15D15_A,Sarcosine,956098,G2
170706_Smp_S3E15D15_B,Sarcosine,829828,G2
170706_Smp_S3E15D15_C,Sarcosine,742713,G2
170706_Smp_S3E15E15_Ds,Sarcosine,51414,G2
170706_Smp_S4E16D15_A,Sarcosine,485821,G2
170706_Smp_S4E16D15_B,Sarcosine,433092,G2
170706_Smp_S4E16D15_C,Sarcosine,543638,G2
170706_Smp_S4E16D15_Ds,Sarcosine,133925,G2
170706_Smp_S5E28D15_A,Sarcosine,420082,G2
170706_Smp_S5E28D15_B,Sarcosine,258813,G2
170706_Smp_S5E28D15_C,Sarcosine,777823,G2
170706_Smp_S5E28D15_Ds,Sarcosine,177561,G2
170706_Smp_S6E37D15_A,Sarcosine,4428404,G2
170706_Smp_S6E37D15_B,Sarcosine,3850120,G2
170706_Smp_S6E37D15_C,Sarcosine,2712556,G2
170706_Smp_S6E37D15_Ds,Sarcosine,296608,G2
170706_Std_4uM-StdsInH2O_1,L-Serine,2541131,G2
170706_Std_4uM-StdsInH2O_2,L-Serine,3732197,G2
170706_Std_4uM-StdsInH2O_3,L-Serine,4217973,G2
170706_Std_4uM-StdsInH2O_4,L-Serine,2834341,G2
170706_Std_4uM-StdsInH2O_5,L-Serine,4862509,G2
170706_Std_4uM-StdsInH2O_6,L-Serine,6630156,G2
170706_Std_4uM-StdsInAqMatrix_1,L-Serine,3105278,G2
170706_Std_4uM-StdsInAqMatrix_2,L-Serine,3879291,G2
170706_Std_4uM-StdsInAqMatrix_3,L-Serine,4145320,G2
170706_Std_4uM-StdsInAqMatrix_4,L-Serine,3683921,G2
170706_Std_4uM-StdsInAqMatrix_5,L-Serine,4882150,G2
170706_Blk_Blk0p2_1,L-Serine,12360,G2
170706_Blk_Blk0p2_2,L-Serine,181172,G2
170706_Blk_BlkMQ_1,L-Serine,0,G2
170706_Blk_BlkMQ_3,L-Serine,9992,G2
170706_Blk_MQBlk_2,L-Serine,154932,G2
170706_Poo_TruePoo_Full1,L-Serine,1649397,G2
170706_Poo_TruePoo_Full2,L-Serine,590315,G2
170706_Poo_TruePoo_Full3,L-Serine,670939,G2
170706_Poo_TruePoo_Full4,L-Serine,664965,G2
170706_Poo_TruePoo_Full5,L-Serine,933133,G2
170706_Poo_TruePoo_Full6,L-Serine,990743,G2
170706_Poo_TruePoo_Full7,L-Serine,963987,G2
170706_Poo_TruePoo_Half1,L-Serine,710055,G2
170706_Poo_TruePoo_Half2,L-Serine,328977,G2
170706_Poo_TruePoo_Half3,L-Serine,497689,G2
170706_Poo_TruePoo_Half4,L-Serine,473109,G2
170706_Poo_TruePoo_Half5,L-Serine,578054,G2
170706_Poo_TruePoo_Half6,L-Serine,619330,G2
170706_Poo_TruePoo_Half7,L-Serine,472505,G2
170706_Smp_S3E15D15_A,L-Serine,277991,G2
170706_Smp_S3E15D15_B,L-Serine,285156,G2
170706_Smp_S3E15D15_C,L-Serine,167120,G2
170706_Smp_S3E15E15_Ds,L-Serine,91751,G2
170706_Smp_S4E16D15_A,L-Serine,137477,G2
170706_Smp_S4E16D15_B,L-Serine,209494,G2
170706_Smp_S4E16D15_C,L-Serine,102221,G2
170706_Smp_S4E16D15_Ds,L-Serine,33834,G2
170706_Smp_S5E28D15_A,L-Serine,220172,G2
170706_Smp_S5E28D15_B,L-Serine,269880,G2
170706_Smp_S5E28D15_C,L-Serine,1087141,G2
170706_Smp_S5E28D15_Ds,L-Serine,114954,G2
170706_Smp_S6E37D15_A,L-Serine,3202451,G2
170706_Smp_S6E37D15_B,L-Serine,3991668,G2
170706_Smp_S6E37D15_C,L-Serine,8525294,G2
170706_Smp_S6E37D15_Ds,L-Serine,525538,G2
170706_Std_4uM-StdsInH2O_1,L-Proline,345733248,G2
170706_Std_4uM-StdsInH2O_2,L-Proline,430017696,G2
170706_Std_4uM-StdsInH2O_3,L-Proline,444469440,G2
170706_Std_4uM-StdsInH2O_4,L-Proline,285614432,G2
170706_Std_4uM-StdsInH2O_5,L-Proline,414523712,G2
170706_Std_4uM-StdsInH2O_6,L-Proline,501117504,G2
170706_Std_4uM-StdsInAqMatrix_1,L-Proline,476723328,G2
170706_Std_4uM-StdsInAqMatrix_2,L-Proline,470894624,G2
170706_Std_4uM-StdsInAqMatrix_3,L-Proline,481790080,G2
170706_Std_4uM-StdsInAqMatrix_4,L-Proline,382503200,G2
170706_Std_4uM-StdsInAqMatrix_5,L-Proline,433262944,G2
170706_Blk_Blk0p2_1,L-Proline,948940,G2
170706_Blk_Blk0p2_2,L-Proline,403305,G2
170706_Blk_BlkMQ_1,L-Proline,1060962,G2
170706_Blk_BlkMQ_3,L-Proline,4494931,G2
170706_Blk_MQBlk_2,L-Proline,467772,G2
170706_Poo_TruePoo_Full1,L-Proline,156440048,G2
170706_Poo_TruePoo_Full2,L-Proline,107263976,G2
170706_Poo_TruePoo_Full3,L-Proline,109664552,G2
170706_Poo_TruePoo_Full4,L-Proline,127591536,G2
170706_Poo_TruePoo_Full5,L-Proline,134897184,G2
170706_Poo_TruePoo_Full6,L-Proline,129521904,G2
170706_Poo_TruePoo_Full7,L-Proline,102175048,G2
170706_Poo_TruePoo_Half1,L-Proline,73979744,G2
170706_Poo_TruePoo_Half2,L-Proline,55293352,G2
170706_Poo_TruePoo_Half3,L-Proline,59320228,G2
170706_Poo_TruePoo_Half4,L-Proline,64081948,G2
170706_Poo_TruePoo_Half5,L-Proline,67727016,G2
170706_Poo_TruePoo_Half6,L-Proline,72140656,G2
170706_Poo_TruePoo_Half7,L-Proline,53724136,G2
170706_Smp_S3E15D15_A,L-Proline,38238556,G2
170706_Smp_S3E15D15_B,L-Proline,30047394,G2
170706_Smp_S3E15D15_C,L-Proline,31735034,G2
170706_Smp_S3E15E15_Ds,L-Proline,8690877,G2
170706_Smp_S4E16D15_A,L-Proline,23523358,G2
170706_Smp_S4E16D15_B,L-Proline,22382572,G2
170706_Smp_S4E16D15_C,L-Proline,23204430,G2
170706_Smp_S4E16D15_Ds,L-Proline,10699296,G2
170706_Smp_S5E28D15_A,L-Proline,35793028,G2
170706_Smp_S5E28D15_B,L-Proline,35286016,G2
170706_Smp_S5E28D15_C,L-Proline,101135616,G2
170706_Smp_S5E28D15_Ds,L-Proline,16490603,G2
170706_Smp_S6E37D15_A,L-Proline,538485056,G2
170706_Smp_S6E37D15_B,L-Proline,458791360,G2
170706_Smp_S6E37D15_C,L-Proline,491946336,G2
170706_Smp_S6E37D15_Ds,L-Proline,79043552,G2
170706_Std_4uM-StdsInH2O_1,Glycine betaine,3044742912,G2
170706_Std_4uM-StdsInH2O_2,Glycine betaine,3389491712,G2
170706_Std_4uM-StdsInH2O_3,Glycine betaine,3723117312,G2
170706_Std_4uM-StdsInH2O_4,Glycine betaine,2978614016,G2
170706_Std_4uM-StdsInH2O_5,Glycine betaine,3901255936,G2
170706_Std_4uM-StdsInH2O_6,Glycine betaine,3923445760,G2
170706_Std_4uM-StdsInAqMatrix_1,Glycine betaine,13004817408,G2
170706_Std_4uM-StdsInAqMatrix_2,Glycine betaine,11185370112,G2
170706_Std_4uM-StdsInAqMatrix_3,Glycine betaine,11768037376,G2
170706_Std_4uM-StdsInAqMatrix_4,Glycine betaine,8141869056,G2
170706_Std_4uM-StdsInAqMatrix_5,Glycine betaine,7102464000,G2
170706_Blk_Blk0p2_1,Glycine betaine,135508912,G2
170706_Blk_Blk0p2_2,Glycine betaine,21254772,G2
170706_Blk_BlkMQ_1,Glycine betaine,27639478,G2
170706_Blk_BlkMQ_3,Glycine betaine,99343360,G2
170706_Blk_MQBlk_2,Glycine betaine,18643254,G2
170706_Poo_TruePoo_Full1,Glycine betaine,8175322112,G2
170706_Poo_TruePoo_Full2,Glycine betaine,8588360192,G2
170706_Poo_TruePoo_Full3,Glycine betaine,8553222656,G2
170706_Poo_TruePoo_Full4,Glycine betaine,8989130752,G2
170706_Poo_TruePoo_Full5,Glycine betaine,9512054784,G2
170706_Poo_TruePoo_Full6,Glycine betaine,9085723648,G2
170706_Poo_TruePoo_Full7,Glycine betaine,9279706112,G2
170706_Poo_TruePoo_Half1,Glycine betaine,3948019712,G2
170706_Poo_TruePoo_Half2,Glycine betaine,4397179392,G2
170706_Poo_TruePoo_Half3,Glycine betaine,4336582656,G2
170706_Poo_TruePoo_Half4,Glycine betaine,4575654912,G2
170706_Poo_TruePoo_Half5,Glycine betaine,4840426496,G2
170706_Poo_TruePoo_Half6,Glycine betaine,4860781568,G2
170706_Poo_TruePoo_Half7,Glycine betaine,4736174592,G2
170706_Smp_S3E15D15_A,Glycine betaine,5976833536,G2
170706_Smp_S3E15D15_B,Glycine betaine,2963163648,G2
170706_Smp_S3E15D15_C,Glycine betaine,4443326464,G2
170706_Smp_S3E15E15_Ds,Glycine betaine,1173682560,G2
170706_Smp_S4E16D15_A,Glycine betaine,3383257088,G2
170706_Smp_S4E16D15_B,Glycine betaine,4912871936,G2
170706_Smp_S4E16D15_C,Glycine betaine,3331328768,G2
170706_Smp_S4E16D15_Ds,Glycine betaine,1590644096,G2
170706_Smp_S5E28D15_A,Glycine betaine,4862282240,G2
170706_Smp_S5E28D15_B,Glycine betaine,4992046080,G2
170706_Smp_S5E28D15_C,Glycine betaine,6771496448,G2
170706_Smp_S5E28D15_Ds,Glycine betaine,3264485376,G2
170706_Smp_S6E37D15_A,Glycine betaine,28161409024,G2
170706_Smp_S6E37D15_B,Glycine betaine,24288196608,G2
170706_Smp_S6E37D15_C,Glycine betaine,23725473792,G2
170706_Smp_S6E37D15_Ds,Glycine betaine,5343512576,G2
170706_Std_4uM-StdsInH2O_1,L-Threonine,10720571,G2
170706_Std_4uM-StdsInH2O_2,L-Threonine,16450396,G2
170706_Std_4uM-StdsInH2O_3,L-Threonine,18445042,G2
170706_Std_4uM-StdsInH2O_4,L-Threonine,11769701,G2
170706_Std_4uM-StdsInH2O_5,L-Threonine,20171114,G2
170706_Std_4uM-StdsInH2O_6,L-Threonine,25732548,G2
170706_Std_4uM-StdsInAqMatrix_1,L-Threonine,6417853,G2
170706_Std_4uM-StdsInAqMatrix_2,L-Threonine,7232139,G2
170706_Std_4uM-StdsInAqMatrix_3,L-Threonine,6822158,G2
170706_Std_4uM-StdsInAqMatrix_4,L-Threonine,7636857,G2
170706_Std_4uM-StdsInAqMatrix_5,L-Threonine,12364315,G2
170706_Blk_Blk0p2_1,L-Threonine,56475,G2
170706_Blk_Blk0p2_2,L-Threonine,58158,G2
170706_Blk_BlkMQ_1,L-Threonine,90309,G2
170706_Blk_BlkMQ_3,L-Threonine,175319,G2
170706_Blk_MQBlk_2,L-Threonine,42731,G2
170706_Poo_TruePoo_Full1,L-Threonine,2988716,G2
170706_Poo_TruePoo_Full2,L-Threonine,1372160,G2
170706_Poo_TruePoo_Full3,L-Threonine,1420644,G2
170706_Poo_TruePoo_Full4,L-Threonine,1467159,G2
170706_Poo_TruePoo_Full5,L-Threonine,1794443,G2
170706_Poo_TruePoo_Full6,L-Threonine,1971508,G2
170706_Poo_TruePoo_Full7,L-Threonine,1929051,G2
170706_Poo_TruePoo_Half1,L-Threonine,2790676,G2
170706_Poo_TruePoo_Half2,L-Threonine,1419381,G2
170706_Poo_TruePoo_Half3,L-Threonine,1458429,G2
170706_Poo_TruePoo_Half4,L-Threonine,1495253,G2
170706_Poo_TruePoo_Half5,L-Threonine,1821940,G2
170706_Poo_TruePoo_Half6,L-Threonine,2217871,G2
170706_Poo_TruePoo_Half7,L-Threonine,1855888,G2
170706_Smp_S3E15D15_A,L-Threonine,373004,G2
170706_Smp_S3E15D15_B,L-Threonine,338620,G2
170706_Smp_S3E15D15_C,L-Threonine,128183,G2
170706_Smp_S3E15E15_Ds,L-Threonine,121098,G2
170706_Smp_S4E16D15_A,L-Threonine,350935,G2
170706_Smp_S4E16D15_B,L-Threonine,454583,G2
170706_Smp_S4E16D15_C,L-Threonine,292450,G2
170706_Smp_S4E16D15_Ds,L-Threonine,107011,G2
170706_Smp_S5E28D15_A,L-Threonine,867616,G2
170706_Smp_S5E28D15_B,L-Threonine,1147111,G2
170706_Smp_S5E28D15_C,L-Threonine,2831374,G2
170706_Smp_S5E28D15_Ds,L-Threonine,240313,G2
170706_Smp_S6E37D15_A,L-Threonine,5573827,G2
170706_Smp_S6E37D15_B,L-Threonine,5878986,G2
170706_Smp_S6E37D15_C,L-Threonine,9143502,G2
170706_Smp_S6E37D15_Ds,L-Threonine,509216,G2
170706_Std_4uM-StdsInH2O_1,Dimethylsulfonioacetate,NA,G2
170706_Std_4uM-StdsInH2O_2,Dimethylsulfonioacetate,NA,G2
170706_Std_4uM-StdsInH2O_3,Dimethylsulfonioacetate,NA,G2
170706_Std_4uM-StdsInH2O_4,Dimethylsulfonioacetate,NA,G2
170706_Std_4uM-StdsInH2O_5,Dimethylsulfonioacetate,NA,G2
170706_Std_4uM-StdsInH2O_6,Dimethylsulfonioacetate,NA,G2
170706_Std_4uM-StdsInAqMatrix_1,Dimethylsulfonioacetate,1381203072,G2
170706_Std_4uM-StdsInAqMatrix_2,Dimethylsulfonioacetate,1114525184,G2
170706_Std_4uM-StdsInAqMatrix_3,Dimethylsulfonioacetate,1146678272,G2
170706_Std_4uM-StdsInAqMatrix_4,Dimethylsulfonioacetate,752691200,G2
170706_Std_4uM-StdsInAqMatrix_5,Dimethylsulfonioacetate,398572480,G2
170706_Blk_Blk0p2_1,Dimethylsulfonioacetate,1558965,G2
170706_Blk_Blk0p2_2,Dimethylsulfonioacetate,16737371,G2
170706_Blk_BlkMQ_1,Dimethylsulfonioacetate,11188,G2
170706_Blk_BlkMQ_3,Dimethylsulfonioacetate,1862602,G2
170706_Blk_MQBlk_2,Dimethylsulfonioacetate,45221,G2
170706_Poo_TruePoo_Full1,Dimethylsulfonioacetate,1172624640,G2
170706_Poo_TruePoo_Full2,Dimethylsulfonioacetate,1101320192,G2
170706_Poo_TruePoo_Full3,Dimethylsulfonioacetate,1109964288,G2
170706_Poo_TruePoo_Full4,Dimethylsulfonioacetate,1033540544,G2
170706_Poo_TruePoo_Full5,Dimethylsulfonioacetate,1148848896,G2
170706_Poo_TruePoo_Full6,Dimethylsulfonioacetate,1137913728,G2
170706_Poo_TruePoo_Full7,Dimethylsulfonioacetate,1155559040,G2
170706_Poo_TruePoo_Half1,Dimethylsulfonioacetate,558042240,G2
170706_Poo_TruePoo_Half2,Dimethylsulfonioacetate,559476800,G2
170706_Poo_TruePoo_Half3,Dimethylsulfonioacetate,563592320,G2
170706_Poo_TruePoo_Half4,Dimethylsulfonioacetate,572934080,G2
170706_Poo_TruePoo_Half5,Dimethylsulfonioacetate,622517312,G2
170706_Poo_TruePoo_Half6,Dimethylsulfonioacetate,609488192,G2
170706_Poo_TruePoo_Half7,Dimethylsulfonioacetate,618926400,G2
170706_Smp_S3E15D15_A,Dimethylsulfonioacetate,400646144,G2
170706_Smp_S3E15D15_B,Dimethylsulfonioacetate,172560048,G2
170706_Smp_S3E15D15_C,Dimethylsulfonioacetate,194551424,G2
170706_Smp_S3E15E15_Ds,Dimethylsulfonioacetate,40224580,G2
170706_Smp_S4E16D15_A,Dimethylsulfonioacetate,362665184,G2
170706_Smp_S4E16D15_B,Dimethylsulfonioacetate,397805952,G2
170706_Smp_S4E16D15_C,Dimethylsulfonioacetate,300015488,G2
170706_Smp_S4E16D15_Ds,Dimethylsulfonioacetate,119729800,G2
170706_Smp_S5E28D15_A,Dimethylsulfonioacetate,300604736,G2
170706_Smp_S5E28D15_B,Dimethylsulfonioacetate,323354592,G2
170706_Smp_S5E28D15_C,Dimethylsulfonioacetate,592447680,G2
170706_Smp_S5E28D15_Ds,Dimethylsulfonioacetate,53149412,G2
170706_Smp_S6E37D15_A,Dimethylsulfonioacetate,4700138496,G2
170706_Smp_S6E37D15_B,Dimethylsulfonioacetate,2752750080,G2
170706_Smp_S6E37D15_C,Dimethylsulfonioacetate,1904136192,G2
170706_Smp_S6E37D15_Ds,Dimethylsulfonioacetate,411832096,G2
170706_Std_4uM-StdsInH2O_1,beta-Alaninebetaine,254457,G2
170706_Std_4uM-StdsInH2O_2,beta-Alaninebetaine,1176618,G2
170706_Std_4uM-StdsInH2O_3,beta-Alaninebetaine,582693,G2
170706_Std_4uM-StdsInH2O_4,beta-Alaninebetaine,3905337,G2
170706_Std_4uM-StdsInH2O_5,beta-Alaninebetaine,772929,G2
170706_Std_4uM-StdsInH2O_6,beta-Alaninebetaine,1082198,G2
170706_Std_4uM-StdsInAqMatrix_1,beta-Alaninebetaine,2599040512,G2
170706_Std_4uM-StdsInAqMatrix_2,beta-Alaninebetaine,2114732928,G2
170706_Std_4uM-StdsInAqMatrix_3,beta-Alaninebetaine,2096423808,G2
170706_Std_4uM-StdsInAqMatrix_4,beta-Alaninebetaine,761171136,G2
170706_Std_4uM-StdsInAqMatrix_5,beta-Alaninebetaine,382789824,G2
170706_Blk_Blk0p2_1,beta-Alaninebetaine,2197323,G2
170706_Blk_Blk0p2_2,beta-Alaninebetaine,3741126,G2
170706_Blk_BlkMQ_1,beta-Alaninebetaine,333319,G2
170706_Blk_BlkMQ_3,beta-Alaninebetaine,1043469,G2
170706_Blk_MQBlk_2,beta-Alaninebetaine,973289,G2
170706_Poo_TruePoo_Full1,beta-Alaninebetaine,1737869824,G2
170706_Poo_TruePoo_Full2,beta-Alaninebetaine,1846763520,G2
170706_Poo_TruePoo_Full3,beta-Alaninebetaine,1950600960,G2
170706_Poo_TruePoo_Full4,beta-Alaninebetaine,1932556544,G2
170706_Poo_TruePoo_Full5,beta-Alaninebetaine,1948061056,G2
170706_Poo_TruePoo_Full6,beta-Alaninebetaine,1912270848,G2
170706_Poo_TruePoo_Full7,beta-Alaninebetaine,1965955840,G2
170706_Poo_TruePoo_Half1,beta-Alaninebetaine,908658048,G2
170706_Poo_TruePoo_Half2,beta-Alaninebetaine,972385792,G2
170706_Poo_TruePoo_Half3,beta-Alaninebetaine,969038656,G2
170706_Poo_TruePoo_Half4,beta-Alaninebetaine,987032832,G2
170706_Poo_TruePoo_Half5,beta-Alaninebetaine,1029409920,G2
170706_Poo_TruePoo_Half6,beta-Alaninebetaine,1054868096,G2
170706_Poo_TruePoo_Half7,beta-Alaninebetaine,1047123840,G2
170706_Smp_S3E15D15_A,beta-Alaninebetaine,929795712,G2
170706_Smp_S3E15D15_B,beta-Alaninebetaine,436872544,G2
170706_Smp_S3E15D15_C,beta-Alaninebetaine,710387712,G2
170706_Smp_S3E15E15_Ds,beta-Alaninebetaine,224022864,G2
170706_Smp_S4E16D15_A,beta-Alaninebetaine,511809536,G2
170706_Smp_S4E16D15_B,beta-Alaninebetaine,681223808,G2
170706_Smp_S4E16D15_C,beta-Alaninebetaine,529860320,G2
170706_Smp_S4E16D15_Ds,beta-Alaninebetaine,256901616,G2
170706_Smp_S5E28D15_A,beta-Alaninebetaine,440050976,G2
170706_Smp_S5E28D15_B,beta-Alaninebetaine,438656000,G2
170706_Smp_S5E28D15_C,beta-Alaninebetaine,573090752,G2
170706_Smp_S5E28D15_Ds,beta-Alaninebetaine,297067904,G2
170706_Smp_S6E37D15_A,beta-Alaninebetaine,13495821312,G2
170706_Smp_S6E37D15_B,beta-Alaninebetaine,10232329216,G2
170706_Smp_S6E37D15_C,beta-Alaninebetaine,9242299392,G2
170706_Smp_S6E37D15_Ds,beta-Alaninebetaine,2538446080,G2
170706_Std_4uM-StdsInH2O_1,L-Isoleucine,172224160,G2
170706_Std_4uM-StdsInH2O_2,L-Isoleucine,211945392,G2
170706_Std_4uM-StdsInH2O_3,L-Isoleucine,223337712,G2
170706_Std_4uM-StdsInH2O_4,L-Isoleucine,166397840,G2
170706_Std_4uM-StdsInH2O_5,L-Isoleucine,241259568,G2
170706_Std_4uM-StdsInH2O_6,L-Isoleucine,297546016,G2
170706_Std_4uM-StdsInAqMatrix_1,L-Isoleucine,425026336,G2
170706_Std_4uM-StdsInAqMatrix_2,L-Isoleucine,400612096,G2
170706_Std_4uM-StdsInAqMatrix_3,L-Isoleucine,405462176,G2
170706_Std_4uM-StdsInAqMatrix_4,L-Isoleucine,262919040,G2
170706_Std_4uM-StdsInAqMatrix_5,L-Isoleucine,298250112,G2
170706_Blk_Blk0p2_1,L-Isoleucine,319860,G2
170706_Blk_Blk0p2_2,L-Isoleucine,380162,G2
170706_Blk_BlkMQ_1,L-Isoleucine,274223,G2
170706_Blk_BlkMQ_3,L-Isoleucine,362211,G2
170706_Blk_MQBlk_2,L-Isoleucine,302746,G2
170706_Poo_TruePoo_Full1,L-Isoleucine,184437120,G2
170706_Poo_TruePoo_Full2,L-Isoleucine,193279808,G2
170706_Poo_TruePoo_Full3,L-Isoleucine,207123664,G2
170706_Poo_TruePoo_Full4,L-Isoleucine,211171200,G2
170706_Poo_TruePoo_Full5,L-Isoleucine,210490016,G2
170706_Poo_TruePoo_Full6,L-Isoleucine,220235312,G2
170706_Poo_TruePoo_Full7,L-Isoleucine,224393776,G2
170706_Poo_TruePoo_Half1,L-Isoleucine,87327968,G2
170706_Poo_TruePoo_Half2,L-Isoleucine,96310400,G2
170706_Poo_TruePoo_Half3,L-Isoleucine,107427448,G2
170706_Poo_TruePoo_Half4,L-Isoleucine,110940000,G2
170706_Poo_TruePoo_Half5,L-Isoleucine,111488112,G2
170706_Poo_TruePoo_Half6,L-Isoleucine,112878856,G2
170706_Poo_TruePoo_Half7,L-Isoleucine,109469096,G2
170706_Smp_S3E15D15_A,L-Isoleucine,279445824,G2
170706_Smp_S3E15D15_B,L-Isoleucine,132299040,G2
170706_Smp_S3E15D15_C,L-Isoleucine,198052608,G2
170706_Smp_S3E15E15_Ds,L-Isoleucine,110022312,G2
170706_Smp_S4E16D15_A,L-Isoleucine,84413192,G2
170706_Smp_S4E16D15_B,L-Isoleucine,130700160,G2
170706_Smp_S4E16D15_C,L-Isoleucine,88773600,G2
170706_Smp_S4E16D15_Ds,L-Isoleucine,83273192,G2
170706_Smp_S5E28D15_A,L-Isoleucine,76511656,G2
170706_Smp_S5E28D15_B,L-Isoleucine,73791920,G2
170706_Smp_S5E28D15_C,L-Isoleucine,94222208,G2
170706_Smp_S5E28D15_Ds,L-Isoleucine,62474872,G2
170706_Smp_S6E37D15_A,L-Isoleucine,848362880,G2
170706_Smp_S6E37D15_B,L-Isoleucine,762488000,G2
170706_Smp_S6E37D15_C,L-Isoleucine,827960704,G2
170706_Smp_S6E37D15_Ds,L-Isoleucine,206593392,G2
170706_Std_4uM-StdsInH2O_1,L-Asparagine,9149833,G2
170706_Std_4uM-StdsInH2O_2,L-Asparagine,13380124,G2
170706_Std_4uM-StdsInH2O_3,L-Asparagine,14676406,G2
170706_Std_4uM-StdsInH2O_4,L-Asparagine,10037472,G2
170706_Std_4uM-StdsInH2O_5,L-Asparagine,16757528,G2
170706_Std_4uM-StdsInH2O_6,L-Asparagine,19422112,G2
170706_Std_4uM-StdsInAqMatrix_1,L-Asparagine,11928100,G2
170706_Std_4uM-StdsInAqMatrix_2,L-Asparagine,13531183,G2
170706_Std_4uM-StdsInAqMatrix_3,L-Asparagine,14305772,G2
170706_Std_4uM-StdsInAqMatrix_4,L-Asparagine,10821502,G2
170706_Std_4uM-StdsInAqMatrix_5,L-Asparagine,15273827,G2
170706_Blk_Blk0p2_1,L-Asparagine,39812,G2
170706_Blk_Blk0p2_2,L-Asparagine,36167,G2
170706_Blk_BlkMQ_1,L-Asparagine,9240,G2
170706_Blk_BlkMQ_3,L-Asparagine,20178,G2
170706_Blk_MQBlk_2,L-Asparagine,18634,G2
170706_Poo_TruePoo_Full1,L-Asparagine,3492452,G2
170706_Poo_TruePoo_Full2,L-Asparagine,2057657,G2
170706_Poo_TruePoo_Full3,L-Asparagine,1992890,G2
170706_Poo_TruePoo_Full4,L-Asparagine,2173678,G2
170706_Poo_TruePoo_Full5,L-Asparagine,2162992,G2
170706_Poo_TruePoo_Full6,L-Asparagine,2494019,G2
170706_Poo_TruePoo_Full7,L-Asparagine,1891883,G2
170706_Poo_TruePoo_Half1,L-Asparagine,1614240,G2
170706_Poo_TruePoo_Half2,L-Asparagine,992237,G2
170706_Poo_TruePoo_Half3,L-Asparagine,1234406,G2
170706_Poo_TruePoo_Half4,L-Asparagine,1188000,G2
170706_Poo_TruePoo_Half5,L-Asparagine,1350910,G2
170706_Poo_TruePoo_Half6,L-Asparagine,1532773,G2
170706_Poo_TruePoo_Half7,L-Asparagine,1303370,G2
170706_Smp_S3E15D15_A,L-Asparagine,1110584,G2
170706_Smp_S3E15D15_B,L-Asparagine,692730,G2
170706_Smp_S3E15D15_C,L-Asparagine,770354,G2
170706_Smp_S3E15E15_Ds,L-Asparagine,387764,G2
170706_Smp_S4E16D15_A,L-Asparagine,601539,G2
170706_Smp_S4E16D15_B,L-Asparagine,842829,G2
170706_Smp_S4E16D15_C,L-Asparagine,675198,G2
170706_Smp_S4E16D15_Ds,L-Asparagine,436185,G2
170706_Smp_S5E28D15_A,L-Asparagine,762505,G2
170706_Smp_S5E28D15_B,L-Asparagine,751474,G2
170706_Smp_S5E28D15_C,L-Asparagine,2834749,G2
170706_Smp_S5E28D15_Ds,L-Asparagine,387264,G2
170706_Smp_S6E37D15_A,L-Asparagine,11534623,G2
170706_Smp_S6E37D15_B,L-Asparagine,9865830,G2
170706_Smp_S6E37D15_C,L-Asparagine,11404754,G2
170706_Smp_S6E37D15_Ds,L-Asparagine,1944638,G2
170706_Std_4uM-StdsInH2O_1,L-Aspartic acid,1424300,G2
170706_Std_4uM-StdsInH2O_2,L-Aspartic acid,3013544,G2
170706_Std_4uM-StdsInH2O_3,L-Aspartic acid,3000170,G2
170706_Std_4uM-StdsInH2O_4,L-Aspartic acid,1801968,G2
170706_Std_4uM-StdsInH2O_5,L-Aspartic acid,3276609,G2
170706_Std_4uM-StdsInH2O_6,L-Aspartic acid,3779837,G2
170706_Std_4uM-StdsInAqMatrix_1,L-Aspartic acid,3316955,G2
170706_Std_4uM-StdsInAqMatrix_2,L-Aspartic acid,3629561,G2
170706_Std_4uM-StdsInAqMatrix_3,L-Aspartic acid,3697243,G2
170706_Std_4uM-StdsInAqMatrix_4,L-Aspartic acid,3160640,G2
170706_Std_4uM-StdsInAqMatrix_5,L-Aspartic acid,3511611,G2
170706_Blk_Blk0p2_1,L-Aspartic acid,0,G2
170706_Blk_Blk0p2_2,L-Aspartic acid,11464,G2
170706_Blk_BlkMQ_1,L-Aspartic acid,0,G2
170706_Blk_BlkMQ_3,L-Aspartic acid,0,G2
170706_Blk_MQBlk_2,L-Aspartic acid,59132,G2
170706_Poo_TruePoo_Full1,L-Aspartic acid,3426277,G2
170706_Poo_TruePoo_Full2,L-Aspartic acid,1375153,G2
170706_Poo_TruePoo_Full3,L-Aspartic acid,1270299,G2
170706_Poo_TruePoo_Full4,L-Aspartic acid,1469961,G2
170706_Poo_TruePoo_Full5,L-Aspartic acid,1717578,G2
170706_Poo_TruePoo_Full6,L-Aspartic acid,1878115,G2
170706_Poo_TruePoo_Full7,L-Aspartic acid,1784428,G2
170706_Poo_TruePoo_Half1,L-Aspartic acid,1462198,G2
170706_Poo_TruePoo_Half2,L-Aspartic acid,732728,G2
170706_Poo_TruePoo_Half3,L-Aspartic acid,645785,G2
170706_Poo_TruePoo_Half4,L-Aspartic acid,582232,G2
170706_Poo_TruePoo_Half5,L-Aspartic acid,881933,G2
170706_Poo_TruePoo_Half6,L-Aspartic acid,1227359,G2
170706_Poo_TruePoo_Half7,L-Aspartic acid,897800,G2
170706_Smp_S3E15D15_A,L-Aspartic acid,2221292,G2
170706_Smp_S3E15D15_B,L-Aspartic acid,1516106,G2
170706_Smp_S3E15D15_C,L-Aspartic acid,1769851,G2
170706_Smp_S3E15E15_Ds,L-Aspartic acid,1326972,G2
170706_Smp_S4E16D15_A,L-Aspartic acid,702486,G2
170706_Smp_S4E16D15_B,L-Aspartic acid,944146,G2
170706_Smp_S4E16D15_C,L-Aspartic acid,571884,G2
170706_Smp_S4E16D15_Ds,L-Aspartic acid,651062,G2
170706_Smp_S5E28D15_A,L-Aspartic acid,546329,G2
170706_Smp_S5E28D15_B,L-Aspartic acid,351630,G2
170706_Smp_S5E28D15_C,L-Aspartic acid,2911384,G2
170706_Smp_S5E28D15_Ds,L-Aspartic acid,309368,G2
170706_Smp_S6E37D15_A,L-Aspartic acid,5859298,G2
170706_Smp_S6E37D15_B,L-Aspartic acid,4974711,G2
170706_Smp_S6E37D15_C,L-Aspartic acid,5213171,G2
170706_Smp_S6E37D15_Ds,L-Aspartic acid,901080,G2
170706_Std_4uM-StdsInH2O_1,Dimethylsulfoniopropionate,1663000192,G2
170706_Std_4uM-StdsInH2O_2,Dimethylsulfoniopropionate,2221282304,G2
170706_Std_4uM-StdsInH2O_3,Dimethylsulfoniopropionate,2221128448,G2
170706_Std_4uM-StdsInH2O_4,Dimethylsulfoniopropionate,1085748736,G2
170706_Std_4uM-StdsInH2O_5,Dimethylsulfoniopropionate,2396926464,G2
170706_Std_4uM-StdsInH2O_6,Dimethylsulfoniopropionate,2436382464,G2
170706_Std_4uM-StdsInAqMatrix_1,Dimethylsulfoniopropionate,5008114688,G2
170706_Std_4uM-StdsInAqMatrix_2,Dimethylsulfoniopropionate,4559930880,G2
170706_Std_4uM-StdsInAqMatrix_3,Dimethylsulfoniopropionate,3967025408,G2
170706_Std_4uM-StdsInAqMatrix_4,Dimethylsulfoniopropionate,1402337024,G2
170706_Std_4uM-StdsInAqMatrix_5,Dimethylsulfoniopropionate,2247340288,G2
170706_Blk_Blk0p2_1,Dimethylsulfoniopropionate,14478441,G2
170706_Blk_Blk0p2_2,Dimethylsulfoniopropionate,24383122,G2
170706_Blk_BlkMQ_1,Dimethylsulfoniopropionate,802050,G2
170706_Blk_BlkMQ_3,Dimethylsulfoniopropionate,35852388,G2
170706_Blk_MQBlk_2,Dimethylsulfoniopropionate,2319787,G2
170706_Poo_TruePoo_Full1,Dimethylsulfoniopropionate,2767292160,G2
170706_Poo_TruePoo_Full2,Dimethylsulfoniopropionate,2646029056,G2
170706_Poo_TruePoo_Full3,Dimethylsulfoniopropionate,2767811072,G2
170706_Poo_TruePoo_Full4,Dimethylsulfoniopropionate,2680154624,G2
170706_Poo_TruePoo_Full5,Dimethylsulfoniopropionate,2799508992,G2
170706_Poo_TruePoo_Full6,Dimethylsulfoniopropionate,2780109568,G2
170706_Poo_TruePoo_Full7,Dimethylsulfoniopropionate,2596297984,G2
170706_Poo_TruePoo_Half1,Dimethylsulfoniopropionate,1442199936,G2
170706_Poo_TruePoo_Half2,Dimethylsulfoniopropionate,1455552896,G2
170706_Poo_TruePoo_Half3,Dimethylsulfoniopropionate,1458897792,G2
170706_Poo_TruePoo_Half4,Dimethylsulfoniopropionate,1378687488,G2
170706_Poo_TruePoo_Half5,Dimethylsulfoniopropionate,1449019008,G2
170706_Poo_TruePoo_Half6,Dimethylsulfoniopropionate,1558150144,G2
170706_Poo_TruePoo_Half7,Dimethylsulfoniopropionate,1433561984,G2
170706_Smp_S3E15D15_A,Dimethylsulfoniopropionate,6092083712,G2
170706_Smp_S3E15D15_B,Dimethylsulfoniopropionate,1618461568,G2
170706_Smp_S3E15D15_C,Dimethylsulfoniopropionate,2136444672,G2
170706_Smp_S3E15E15_Ds,Dimethylsulfoniopropionate,248294640,G2
170706_Smp_S4E16D15_A,Dimethylsulfoniopropionate,2391332864,G2
170706_Smp_S4E16D15_B,Dimethylsulfoniopropionate,2921244672,G2
170706_Smp_S4E16D15_C,Dimethylsulfoniopropionate,1390913920,G2
170706_Smp_S4E16D15_Ds,Dimethylsulfoniopropionate,309409408,G2
170706_Smp_S5E28D15_A,Dimethylsulfoniopropionate,444711872,G2
170706_Smp_S5E28D15_B,Dimethylsulfoniopropionate,897636544,G2
170706_Smp_S5E28D15_C,Dimethylsulfoniopropionate,196958096,G2
170706_Smp_S5E28D15_Ds,Dimethylsulfoniopropionate,11049143,G2
170706_Smp_S6E37D15_A,Dimethylsulfoniopropionate,16582791168,G2
170706_Smp_S6E37D15_B,Dimethylsulfoniopropionate,9886022656,G2
170706_Smp_S6E37D15_C,Dimethylsulfoniopropionate,3538414848,G2
170706_Smp_S6E37D15_Ds,Dimethylsulfoniopropionate,231296416,G2
170706_Std_4uM-StdsInH2O_1,Homarine,123931152,G2
170706_Std_4uM-StdsInH2O_2,Homarine,152919744,G2
170706_Std_4uM-StdsInH2O_3,Homarine,169444288,G2
170706_Std_4uM-StdsInH2O_4,Homarine,66780900,G2
170706_Std_4uM-StdsInH2O_5,Homarine,173458848,G2
170706_Std_4uM-StdsInH2O_6,Homarine,174244560,G2
170706_Std_4uM-StdsInAqMatrix_1,Homarine,3115858432,G2
170706_Std_4uM-StdsInAqMatrix_2,Homarine,2870764032,G2
170706_Std_4uM-StdsInAqMatrix_3,Homarine,2925307648,G2
170706_Std_4uM-StdsInAqMatrix_4,Homarine,3966878976,G2
170706_Std_4uM-StdsInAqMatrix_5,Homarine,2512159488,G2
170706_Blk_Blk0p2_1,Homarine,513803,G2
170706_Blk_Blk0p2_2,Homarine,17068062,G2
170706_Blk_BlkMQ_1,Homarine,434721,G2
170706_Blk_BlkMQ_3,Homarine,1222330,G2
170706_Blk_MQBlk_2,Homarine,427886,G2
170706_Poo_TruePoo_Full1,Homarine,3062056960,G2
170706_Poo_TruePoo_Full2,Homarine,3130158592,G2
170706_Poo_TruePoo_Full3,Homarine,3068082432,G2
170706_Poo_TruePoo_Full4,Homarine,3311159552,G2
170706_Poo_TruePoo_Full5,Homarine,3317805056,G2
170706_Poo_TruePoo_Full6,Homarine,3372753920,G2
170706_Poo_TruePoo_Full7,Homarine,3225558016,G2
170706_Poo_TruePoo_Half1,Homarine,1514994688,G2
170706_Poo_TruePoo_Half2,Homarine,1571941504,G2
170706_Poo_TruePoo_Half3,Homarine,1600273152,G2
170706_Poo_TruePoo_Half4,Homarine,1587277056,G2
170706_Poo_TruePoo_Half5,Homarine,1720148992,G2
170706_Poo_TruePoo_Half6,Homarine,1733135488,G2
170706_Poo_TruePoo_Half7,Homarine,1757594112,G2
170706_Smp_S3E15D15_A,Homarine,371331488,G2
170706_Smp_S3E15D15_B,Homarine,204781104,G2
170706_Smp_S3E15D15_C,Homarine,331482944,G2
170706_Smp_S3E15E15_Ds,Homarine,39996116,G2
170706_Smp_S4E16D15_A,Homarine,195792528,G2
170706_Smp_S4E16D15_B,Homarine,292277408,G2
170706_Smp_S4E16D15_C,Homarine,235700096,G2
170706_Smp_S4E16D15_Ds,Homarine,78005288,G2
170706_Smp_S5E28D15_A,Homarine,4249678592,G2
170706_Smp_S5E28D15_B,Homarine,4340447232,G2
170706_Smp_S5E28D15_C,Homarine,5306433024,G2
170706_Smp_S5E28D15_Ds,Homarine,3807047680,G2
170706_Smp_S6E37D15_A,Homarine,7932341760,G2
170706_Smp_S6E37D15_B,Homarine,5852804096,G2
170706_Smp_S6E37D15_C,Homarine,5058710016,G2
170706_Smp_S6E37D15_Ds,Homarine,1304066432,G2
170706_Std_4uM-StdsInH2O_1,Trigonelline,475921088,G2
170706_Std_4uM-StdsInH2O_2,Trigonelline,505807424,G2
170706_Std_4uM-StdsInH2O_3,Trigonelline,520342400,G2
170706_Std_4uM-StdsInH2O_4,Trigonelline,439474080,G2
170706_Std_4uM-StdsInH2O_5,Trigonelline,555306112,G2
170706_Std_4uM-StdsInH2O_6,Trigonelline,529665696,G2
170706_Std_4uM-StdsInAqMatrix_1,Trigonelline,1669977728,G2
170706_Std_4uM-StdsInAqMatrix_2,Trigonelline,1544345472,G2
170706_Std_4uM-StdsInAqMatrix_3,Trigonelline,1600451584,G2
170706_Std_4uM-StdsInAqMatrix_4,Trigonelline,835763904,G2
170706_Std_4uM-StdsInAqMatrix_5,Trigonelline,848198272,G2
170706_Blk_Blk0p2_1,Trigonelline,858888,G2
170706_Blk_Blk0p2_2,Trigonelline,5310202,G2
170706_Blk_BlkMQ_1,Trigonelline,465884,G2
170706_Blk_BlkMQ_3,Trigonelline,2904072,G2
170706_Blk_MQBlk_2,Trigonelline,4114274,G2
170706_Poo_TruePoo_Full1,Trigonelline,809887424,G2
170706_Poo_TruePoo_Full2,Trigonelline,887261440,G2
170706_Poo_TruePoo_Full3,Trigonelline,927674880,G2
170706_Poo_TruePoo_Full4,Trigonelline,941017344,G2
170706_Poo_TruePoo_Full5,Trigonelline,967392320,G2
170706_Poo_TruePoo_Full6,Trigonelline,1035135872,G2
170706_Poo_TruePoo_Full7,Trigonelline,1055734016,G2
170706_Poo_TruePoo_Half1,Trigonelline,428029152,G2
170706_Poo_TruePoo_Half2,Trigonelline,440373728,G2
170706_Poo_TruePoo_Half3,Trigonelline,428605248,G2
170706_Poo_TruePoo_Half4,Trigonelline,454727424,G2
170706_Poo_TruePoo_Half5,Trigonelline,477536544,G2
170706_Poo_TruePoo_Half6,Trigonelline,485489920,G2
170706_Poo_TruePoo_Half7,Trigonelline,484063168,G2
170706_Smp_S3E15D15_A,Trigonelline,389005504,G2
170706_Smp_S3E15D15_B,Trigonelline,206641280,G2
170706_Smp_S3E15D15_C,Trigonelline,291213984,G2
170706_Smp_S3E15E15_Ds,Trigonelline,135421712,G2
170706_Smp_S4E16D15_A,Trigonelline,272609056,G2
170706_Smp_S4E16D15_B,Trigonelline,392017408,G2
170706_Smp_S4E16D15_C,Trigonelline,311455296,G2
170706_Smp_S4E16D15_Ds,Trigonelline,149210976,G2
170706_Smp_S5E28D15_A,Trigonelline,247321872,G2
170706_Smp_S5E28D15_B,Trigonelline,292564640,G2
170706_Smp_S5E28D15_C,Trigonelline,403700736,G2
170706_Smp_S5E28D15_Ds,Trigonelline,74170472,G2
170706_Smp_S6E37D15_A,Trigonelline,5067076096,G2
170706_Smp_S6E37D15_B,Trigonelline,3722513920,G2
170706_Smp_S6E37D15_C,Trigonelline,3427937280,G2
170706_Smp_S6E37D15_Ds,Trigonelline,262425376,G2
170706_Std_4uM-StdsInH2O_1,Ectoine,8204162560,G2
170706_Std_4uM-StdsInH2O_2,Ectoine,9348655104,G2
170706_Std_4uM-StdsInH2O_3,Ectoine,9140799488,G2
170706_Std_4uM-StdsInH2O_4,Ectoine,6229658112,G2
170706_Std_4uM-StdsInH2O_5,Ectoine,10639687680,G2
170706_Std_4uM-StdsInH2O_6,Ectoine,11087351808,G2
170706_Std_4uM-StdsInAqMatrix_1,Ectoine,7346686976,G2
170706_Std_4uM-StdsInAqMatrix_2,Ectoine,9050371072,G2
170706_Std_4uM-StdsInAqMatrix_3,Ectoine,9120456704,G2
170706_Std_4uM-StdsInAqMatrix_4,Ectoine,5666228736,G2
170706_Std_4uM-StdsInAqMatrix_5,Ectoine,9325805568,G2
170706_Blk_Blk0p2_1,Ectoine,277437,G2
170706_Blk_Blk0p2_2,Ectoine,1196049,G2
170706_Blk_BlkMQ_1,Ectoine,1425881,G2
170706_Blk_BlkMQ_3,Ectoine,2044606,G2
170706_Blk_MQBlk_2,Ectoine,279642,G2
170706_Poo_TruePoo_Full1,Ectoine,25436070,G2
170706_Poo_TruePoo_Full2,Ectoine,31382934,G2
170706_Poo_TruePoo_Full3,Ectoine,43874488,G2
170706_Poo_TruePoo_Full4,Ectoine,31297242,G2
170706_Poo_TruePoo_Full5,Ectoine,42529608,G2
170706_Poo_TruePoo_Full6,Ectoine,43313144,G2
170706_Poo_TruePoo_Full7,Ectoine,31002706,G2
170706_Poo_TruePoo_Half1,Ectoine,14499727,G2
170706_Poo_TruePoo_Half2,Ectoine,22231482,G2
170706_Poo_TruePoo_Half3,Ectoine,14796414,G2
170706_Poo_TruePoo_Half4,Ectoine,15386173,G2
170706_Poo_TruePoo_Half5,Ectoine,15914950,G2
170706_Poo_TruePoo_Half6,Ectoine,23101064,G2
170706_Poo_TruePoo_Half7,Ectoine,16675969,G2
170706_Smp_S3E15D15_A,Ectoine,40040504,G2
170706_Smp_S3E15D15_B,Ectoine,31522282,G2
170706_Smp_S3E15D15_C,Ectoine,43384392,G2
170706_Smp_S3E15E15_Ds,Ectoine,23872294,G2
170706_Smp_S4E16D15_A,Ectoine,32734154,G2
170706_Smp_S4E16D15_B,Ectoine,46903588,G2
170706_Smp_S4E16D15_C,Ectoine,34171280,G2
170706_Smp_S4E16D15_Ds,Ectoine,52363016,G2
170706_Smp_S5E28D15_A,Ectoine,29479792,G2
170706_Smp_S5E28D15_B,Ectoine,29919570,G2
170706_Smp_S5E28D15_C,Ectoine,51954508,G2
170706_Smp_S5E28D15_Ds,Ectoine,9652902,G2
170706_Smp_S6E37D15_A,Ectoine,84001040,G2
170706_Smp_S6E37D15_B,Ectoine,42799768,G2
170706_Smp_S6E37D15_C,Ectoine,49652060,G2
170706_Smp_S6E37D15_Ds,Ectoine,13845242,G2
170706_Std_4uM-StdsInH2O_1,Proline betaine,731884416,G2
170706_Std_4uM-StdsInH2O_2,Proline betaine,684187904,G2
170706_Std_4uM-StdsInH2O_3,Proline betaine,712207040,G2
170706_Std_4uM-StdsInH2O_4,Proline betaine,607109888,G2
170706_Std_4uM-StdsInH2O_5,Proline betaine,772726080,G2
170706_Std_4uM-StdsInH2O_6,Proline betaine,762476480,G2
170706_Std_4uM-StdsInAqMatrix_1,Proline betaine,758861504,G2
170706_Std_4uM-StdsInAqMatrix_2,Proline betaine,791789248,G2
170706_Std_4uM-StdsInAqMatrix_3,Proline betaine,852003968,G2
170706_Std_4uM-StdsInAqMatrix_4,Proline betaine,552744192,G2
170706_Std_4uM-StdsInAqMatrix_5,Proline betaine,777315968,G2
170706_Blk_Blk0p2_1,Proline betaine,509102,G2
170706_Blk_Blk0p2_2,Proline betaine,1490911,G2
170706_Blk_BlkMQ_1,Proline betaine,1766908,G2
170706_Blk_BlkMQ_3,Proline betaine,2726659,G2
170706_Blk_MQBlk_2,Proline betaine,352163,G2
170706_Poo_TruePoo_Full1,Proline betaine,118234952,G2
170706_Poo_TruePoo_Full2,Proline betaine,123236488,G2
170706_Poo_TruePoo_Full3,Proline betaine,132172688,G2
170706_Poo_TruePoo_Full4,Proline betaine,135805568,G2
170706_Poo_TruePoo_Full5,Proline betaine,138526528,G2
170706_Poo_TruePoo_Full6,Proline betaine,137460880,G2
170706_Poo_TruePoo_Full7,Proline betaine,137320928,G2
170706_Poo_TruePoo_Half1,Proline betaine,60873304,G2
170706_Poo_TruePoo_Half2,Proline betaine,62776920,G2
170706_Poo_TruePoo_Half3,Proline betaine,69010296,G2
170706_Poo_TruePoo_Half4,Proline betaine,68920416,G2
170706_Poo_TruePoo_Half5,Proline betaine,67332792,G2
170706_Poo_TruePoo_Half6,Proline betaine,69890128,G2
170706_Poo_TruePoo_Half7,Proline betaine,70187016,G2
170706_Smp_S3E15D15_A,Proline betaine,173402464,G2
170706_Smp_S3E15D15_B,Proline betaine,91007920,G2
170706_Smp_S3E15D15_C,Proline betaine,138514880,G2
170706_Smp_S3E15E15_Ds,Proline betaine,69553696,G2
170706_Smp_S4E16D15_A,Proline betaine,86635472,G2
170706_Smp_S4E16D15_B,Proline betaine,125442864,G2
170706_Smp_S4E16D15_C,Proline betaine,85557664,G2
170706_Smp_S4E16D15_Ds,Proline betaine,67325208,G2
170706_Smp_S5E28D15_A,Proline betaine,49461360,G2
170706_Smp_S5E28D15_B,Proline betaine,50812960,G2
170706_Smp_S5E28D15_C,Proline betaine,65511868,G2
170706_Smp_S5E28D15_Ds,Proline betaine,42828636,G2
170706_Smp_S6E37D15_A,Proline betaine,538851200,G2
170706_Smp_S6E37D15_B,Proline betaine,393226048,G2
170706_Smp_S6E37D15_C,Proline betaine,349627616,G2
170706_Smp_S6E37D15_Ds,Proline betaine,130811848,G2
170706_Std_4uM-StdsInH2O_1,(3-Carboxypropyl)trimethylammonium,208022,G2
170706_Std_4uM-StdsInH2O_2,(3-Carboxypropyl)trimethylammonium,121441,G2
170706_Std_4uM-StdsInH2O_3,(3-Carboxypropyl)trimethylammonium,129166,G2
170706_Std_4uM-StdsInH2O_4,(3-Carboxypropyl)trimethylammonium,254317,G2
170706_Std_4uM-StdsInH2O_5,(3-Carboxypropyl)trimethylammonium,147228,G2
170706_Std_4uM-StdsInH2O_6,(3-Carboxypropyl)trimethylammonium,191149,G2
170706_Std_4uM-StdsInAqMatrix_1,(3-Carboxypropyl)trimethylammonium,340757216,G2
170706_Std_4uM-StdsInAqMatrix_2,(3-Carboxypropyl)trimethylammonium,276408000,G2
170706_Std_4uM-StdsInAqMatrix_3,(3-Carboxypropyl)trimethylammonium,260487280,G2
170706_Std_4uM-StdsInAqMatrix_4,(3-Carboxypropyl)trimethylammonium,132165328,G2
170706_Std_4uM-StdsInAqMatrix_5,(3-Carboxypropyl)trimethylammonium,71830872,G2
170706_Blk_Blk0p2_1,(3-Carboxypropyl)trimethylammonium,200815,G2
170706_Blk_Blk0p2_2,(3-Carboxypropyl)trimethylammonium,2172696,G2
170706_Blk_BlkMQ_1,(3-Carboxypropyl)trimethylammonium,66839,G2
170706_Blk_BlkMQ_3,(3-Carboxypropyl)trimethylammonium,365019,G2
170706_Blk_MQBlk_2,(3-Carboxypropyl)trimethylammonium,118777,G2
170706_Poo_TruePoo_Full1,(3-Carboxypropyl)trimethylammonium,253798624,G2
170706_Poo_TruePoo_Full2,(3-Carboxypropyl)trimethylammonium,253863696,G2
170706_Poo_TruePoo_Full3,(3-Carboxypropyl)trimethylammonium,268159088,G2
170706_Poo_TruePoo_Full4,(3-Carboxypropyl)trimethylammonium,272538528,G2
170706_Poo_TruePoo_Full5,(3-Carboxypropyl)trimethylammonium,257514832,G2
170706_Poo_TruePoo_Full6,(3-Carboxypropyl)trimethylammonium,268531840,G2
170706_Poo_TruePoo_Full7,(3-Carboxypropyl)trimethylammonium,276604960,G2
170706_Poo_TruePoo_Half1,(3-Carboxypropyl)trimethylammonium,127041176,G2
170706_Poo_TruePoo_Half2,(3-Carboxypropyl)trimethylammonium,131378560,G2
170706_Poo_TruePoo_Half3,(3-Carboxypropyl)trimethylammonium,134199712,G2
170706_Poo_TruePoo_Half4,(3-Carboxypropyl)trimethylammonium,125800400,G2
170706_Poo_TruePoo_Half5,(3-Carboxypropyl)trimethylammonium,127931280,G2
170706_Poo_TruePoo_Half6,(3-Carboxypropyl)trimethylammonium,139056640,G2
170706_Poo_TruePoo_Half7,(3-Carboxypropyl)trimethylammonium,135383104,G2
170706_Smp_S3E15D15_A,(3-Carboxypropyl)trimethylammonium,121604088,G2
170706_Smp_S3E15D15_B,(3-Carboxypropyl)trimethylammonium,60628372,G2
170706_Smp_S3E15D15_C,(3-Carboxypropyl)trimethylammonium,82856360,G2
170706_Smp_S3E15E15_Ds,(3-Carboxypropyl)trimethylammonium,22917540,G2
170706_Smp_S4E16D15_A,(3-Carboxypropyl)trimethylammonium,63989516,G2
170706_Smp_S4E16D15_B,(3-Carboxypropyl)trimethylammonium,90013344,G2
170706_Smp_S4E16D15_C,(3-Carboxypropyl)trimethylammonium,72304944,G2
170706_Smp_S4E16D15_Ds,(3-Carboxypropyl)trimethylammonium,26304670,G2
170706_Smp_S5E28D15_A,(3-Carboxypropyl)trimethylammonium,61754996,G2
170706_Smp_S5E28D15_B,(3-Carboxypropyl)trimethylammonium,57122328,G2
170706_Smp_S5E28D15_C,(3-Carboxypropyl)trimethylammonium,107395592,G2
170706_Smp_S5E28D15_Ds,(3-Carboxypropyl)trimethylammonium,37132040,G2
170706_Smp_S6E37D15_A,(3-Carboxypropyl)trimethylammonium,1460454016,G2
170706_Smp_S6E37D15_B,(3-Carboxypropyl)trimethylammonium,970378240,G2
170706_Smp_S6E37D15_C,(3-Carboxypropyl)trimethylammonium,732593088,G2
170706_Smp_S6E37D15_Ds,(3-Carboxypropyl)trimethylammonium,131005280,G2
170706_Std_4uM-StdsInH2O_1,L-Glutamine,44123780,G2
170706_Std_4uM-StdsInH2O_2,L-Glutamine,67803504,G2
170706_Std_4uM-StdsInH2O_3,L-Glutamine,69932824,G2
170706_Std_4uM-StdsInH2O_4,L-Glutamine,45086156,G2
170706_Std_4uM-StdsInH2O_5,L-Glutamine,75243328,G2
170706_Std_4uM-StdsInH2O_6,L-Glutamine,94383216,G2
170706_Std_4uM-StdsInAqMatrix_1,L-Glutamine,103643744,G2
170706_Std_4uM-StdsInAqMatrix_2,L-Glutamine,103986112,G2
170706_Std_4uM-StdsInAqMatrix_3,L-Glutamine,104106008,G2
170706_Std_4uM-StdsInAqMatrix_4,L-Glutamine,72874600,G2
170706_Std_4uM-StdsInAqMatrix_5,L-Glutamine,80624808,G2
170706_Blk_Blk0p2_1,L-Glutamine,258283,G2
170706_Blk_Blk0p2_2,L-Glutamine,2641129,G2
170706_Blk_BlkMQ_1,L-Glutamine,608027,G2
170706_Blk_BlkMQ_3,L-Glutamine,617248,G2
170706_Blk_MQBlk_2,L-Glutamine,128361,G2
170706_Poo_TruePoo_Full1,L-Glutamine,88618200,G2
170706_Poo_TruePoo_Full2,L-Glutamine,45297828,G2
170706_Poo_TruePoo_Full3,L-Glutamine,47158004,G2
170706_Poo_TruePoo_Full4,L-Glutamine,48833448,G2
170706_Poo_TruePoo_Full5,L-Glutamine,50111828,G2
170706_Poo_TruePoo_Full6,L-Glutamine,45789904,G2
170706_Poo_TruePoo_Full7,L-Glutamine,38094272,G2
170706_Poo_TruePoo_Half1,L-Glutamine,38046704,G2
170706_Poo_TruePoo_Half2,L-Glutamine,22141344,G2
170706_Poo_TruePoo_Half3,L-Glutamine,23463906,G2
170706_Poo_TruePoo_Half4,L-Glutamine,25517332,G2
170706_Poo_TruePoo_Half5,L-Glutamine,29395432,G2
170706_Poo_TruePoo_Half6,L-Glutamine,33076958,G2
170706_Poo_TruePoo_Half7,L-Glutamine,27781682,G2
170706_Smp_S3E15D15_A,L-Glutamine,80703824,G2
170706_Smp_S3E15D15_B,L-Glutamine,80586744,G2
170706_Smp_S3E15D15_C,L-Glutamine,59048768,G2
170706_Smp_S3E15E15_Ds,L-Glutamine,77605632,G2
170706_Smp_S4E16D15_A,L-Glutamine,42793288,G2
170706_Smp_S4E16D15_B,L-Glutamine,42875900,G2
170706_Smp_S4E16D15_C,L-Glutamine,34726300,G2
170706_Smp_S4E16D15_Ds,L-Glutamine,45340512,G2
170706_Smp_S5E28D15_A,L-Glutamine,18033252,G2
170706_Smp_S5E28D15_B,L-Glutamine,12534148,G2
170706_Smp_S5E28D15_C,L-Glutamine,43753892,G2
170706_Smp_S5E28D15_Ds,L-Glutamine,9820413,G2
170706_Smp_S6E37D15_A,L-Glutamine,180400640,G2
170706_Smp_S6E37D15_B,L-Glutamine,177454832,G2
170706_Smp_S6E37D15_C,L-Glutamine,197237328,G2
170706_Smp_S6E37D15_Ds,L-Glutamine,21948676,G2
170706_Std_4uM-StdsInH2O_1,L-Lysine,7973416,G2
170706_Std_4uM-StdsInH2O_2,L-Lysine,13426161,G2
170706_Std_4uM-StdsInH2O_3,L-Lysine,13511588,G2
170706_Std_4uM-StdsInH2O_4,L-Lysine,8447120,G2
170706_Std_4uM-StdsInH2O_5,L-Lysine,12575251,G2
170706_Std_4uM-StdsInH2O_6,L-Lysine,13286996,G2
170706_Std_4uM-StdsInAqMatrix_1,L-Lysine,13127223,G2
170706_Std_4uM-StdsInAqMatrix_2,L-Lysine,16091354,G2
170706_Std_4uM-StdsInAqMatrix_3,L-Lysine,18527016,G2
170706_Std_4uM-StdsInAqMatrix_4,L-Lysine,10919577,G2
170706_Std_4uM-StdsInAqMatrix_5,L-Lysine,14882693,G2
170706_Blk_Blk0p2_1,L-Lysine,222005,G2
170706_Blk_Blk0p2_2,L-Lysine,137729,G2
170706_Blk_BlkMQ_1,L-Lysine,79793,G2
170706_Blk_BlkMQ_3,L-Lysine,141377,G2
170706_Blk_MQBlk_2,L-Lysine,267654,G2
170706_Poo_TruePoo_Full1,L-Lysine,6409580,G2
170706_Poo_TruePoo_Full2,L-Lysine,4526467,G2
170706_Poo_TruePoo_Full3,L-Lysine,4694779,G2
170706_Poo_TruePoo_Full4,L-Lysine,5575251,G2
170706_Poo_TruePoo_Full5,L-Lysine,4323490,G2
170706_Poo_TruePoo_Full6,L-Lysine,5121737,G2
170706_Poo_TruePoo_Full7,L-Lysine,5131626,G2
170706_Poo_TruePoo_Half1,L-Lysine,2916322,G2
170706_Poo_TruePoo_Half2,L-Lysine,2706537,G2
170706_Poo_TruePoo_Half3,L-Lysine,2960771,G2
170706_Poo_TruePoo_Half4,L-Lysine,2869077,G2
170706_Poo_TruePoo_Half5,L-Lysine,2937088,G2
170706_Poo_TruePoo_Half6,L-Lysine,2350534,G2
170706_Poo_TruePoo_Half7,L-Lysine,2366440,G2
170706_Smp_S3E15D15_A,L-Lysine,1978905,G2
170706_Smp_S3E15D15_B,L-Lysine,1129296,G2
170706_Smp_S3E15D15_C,L-Lysine,1978051,G2
170706_Smp_S3E15E15_Ds,L-Lysine,972018,G2
170706_Smp_S4E16D15_A,L-Lysine,1168906,G2
170706_Smp_S4E16D15_B,L-Lysine,1765678,G2
170706_Smp_S4E16D15_C,L-Lysine,1524414,G2
170706_Smp_S4E16D15_Ds,L-Lysine,668040,G2
170706_Smp_S5E28D15_A,L-Lysine,2154349,G2
170706_Smp_S5E28D15_B,L-Lysine,2091716,G2
170706_Smp_S5E28D15_C,L-Lysine,4705624,G2
170706_Smp_S5E28D15_Ds,L-Lysine,1929207,G2
170706_Smp_S6E37D15_A,L-Lysine,27185908,G2
170706_Smp_S6E37D15_B,L-Lysine,42433652,G2
170706_Smp_S6E37D15_C,L-Lysine,46451028,G2
170706_Smp_S6E37D15_Ds,L-Lysine,2892042,G2
170706_Std_4uM-StdsInH2O_1,beta-Glutamic acid,10988903,G2
170706_Std_4uM-StdsInH2O_2,beta-Glutamic acid,17181758,G2
170706_Std_4uM-StdsInH2O_3,beta-Glutamic acid,18536398,G2
170706_Std_4uM-StdsInH2O_4,beta-Glutamic acid,11236504,G2
170706_Std_4uM-StdsInH2O_5,beta-Glutamic acid,19496474,G2
170706_Std_4uM-StdsInH2O_6,beta-Glutamic acid,21787752,G2
170706_Std_4uM-StdsInAqMatrix_1,beta-Glutamic acid,1566698,G2
170706_Std_4uM-StdsInAqMatrix_2,beta-Glutamic acid,1236773,G2
170706_Std_4uM-StdsInAqMatrix_3,beta-Glutamic acid,1292374,G2
170706_Std_4uM-StdsInAqMatrix_4,beta-Glutamic acid,938970,G2
170706_Std_4uM-StdsInAqMatrix_5,beta-Glutamic acid,349872,G2
170706_Blk_Blk0p2_1,beta-Glutamic acid,84909,G2
170706_Blk_Blk0p2_2,beta-Glutamic acid,146552,G2
170706_Blk_BlkMQ_1,beta-Glutamic acid,49984,G2
170706_Blk_BlkMQ_3,beta-Glutamic acid,0,G2
170706_Blk_MQBlk_2,beta-Glutamic acid,14814,G2
170706_Poo_TruePoo_Full1,beta-Glutamic acid,2310062,G2
170706_Poo_TruePoo_Full2,beta-Glutamic acid,1250672,G2
170706_Poo_TruePoo_Full3,beta-Glutamic acid,1038789,G2
170706_Poo_TruePoo_Full4,beta-Glutamic acid,1236154,G2
170706_Poo_TruePoo_Full5,beta-Glutamic acid,1147686,G2
170706_Poo_TruePoo_Full6,beta-Glutamic acid,1204498,G2
170706_Poo_TruePoo_Full7,beta-Glutamic acid,1303009,G2
170706_Poo_TruePoo_Half1,beta-Glutamic acid,1141354,G2
170706_Poo_TruePoo_Half2,beta-Glutamic acid,671690,G2
170706_Poo_TruePoo_Half3,beta-Glutamic acid,878104,G2
170706_Poo_TruePoo_Half4,beta-Glutamic acid,799662,G2
170706_Poo_TruePoo_Half5,beta-Glutamic acid,659484,G2
170706_Poo_TruePoo_Half6,beta-Glutamic acid,900795,G2
170706_Poo_TruePoo_Half7,beta-Glutamic acid,671321,G2
170706_Smp_S3E15D15_A,beta-Glutamic acid,755005,G2
170706_Smp_S3E15D15_B,beta-Glutamic acid,666540,G2
170706_Smp_S3E15D15_C,beta-Glutamic acid,680972,G2
170706_Smp_S3E15E15_Ds,beta-Glutamic acid,462686,G2
170706_Smp_S4E16D15_A,beta-Glutamic acid,757389,G2
170706_Smp_S4E16D15_B,beta-Glutamic acid,997971,G2
170706_Smp_S4E16D15_C,beta-Glutamic acid,659047,G2
170706_Smp_S4E16D15_Ds,beta-Glutamic acid,795179,G2
170706_Smp_S5E28D15_A,beta-Glutamic acid,454738,G2
170706_Smp_S5E28D15_B,beta-Glutamic acid,370306,G2
170706_Smp_S5E28D15_C,beta-Glutamic acid,1669289,G2
170706_Smp_S5E28D15_Ds,beta-Glutamic acid,631106,G2
170706_Smp_S6E37D15_A,beta-Glutamic acid,3849312,G2
170706_Smp_S6E37D15_B,beta-Glutamic acid,2695801,G2
170706_Smp_S6E37D15_C,beta-Glutamic acid,1459008,G2
170706_Smp_S6E37D15_Ds,beta-Glutamic acid,814442,G2
170706_Std_4uM-StdsInH2O_1,L-Glutamic acid,10988903,G2
170706_Std_4uM-StdsInH2O_2,L-Glutamic acid,17181758,G2
170706_Std_4uM-StdsInH2O_3,L-Glutamic acid,18536398,G2
170706_Std_4uM-StdsInH2O_4,L-Glutamic acid,11236504,G2
170706_Std_4uM-StdsInH2O_5,L-Glutamic acid,19496474,G2
170706_Std_4uM-StdsInH2O_6,L-Glutamic acid,21787752,G2
170706_Std_4uM-StdsInAqMatrix_1,L-Glutamic acid,77167440,G2
170706_Std_4uM-StdsInAqMatrix_2,L-Glutamic acid,70134808,G2
170706_Std_4uM-StdsInAqMatrix_3,L-Glutamic acid,73282600,G2
170706_Std_4uM-StdsInAqMatrix_4,L-Glutamic acid,66396956,G2
170706_Std_4uM-StdsInAqMatrix_5,L-Glutamic acid,45591752,G2
170706_Blk_Blk0p2_1,L-Glutamic acid,424516,G2
170706_Blk_Blk0p2_2,L-Glutamic acid,1449015,G2
170706_Blk_BlkMQ_1,L-Glutamic acid,49984,G2
170706_Blk_BlkMQ_3,L-Glutamic acid,706169,G2
170706_Blk_MQBlk_2,L-Glutamic acid,1890912,G2
170706_Poo_TruePoo_Full1,L-Glutamic acid,116130272,G2
170706_Poo_TruePoo_Full2,L-Glutamic acid,58526964,G2
170706_Poo_TruePoo_Full3,L-Glutamic acid,59487504,G2
170706_Poo_TruePoo_Full4,L-Glutamic acid,61504680,G2
170706_Poo_TruePoo_Full5,L-Glutamic acid,63112412,G2
170706_Poo_TruePoo_Full6,L-Glutamic acid,68312168,G2
170706_Poo_TruePoo_Full7,L-Glutamic acid,62876868,G2
170706_Poo_TruePoo_Half1,L-Glutamic acid,47886700,G2
170706_Poo_TruePoo_Half2,L-Glutamic acid,30046514,G2
170706_Poo_TruePoo_Half3,L-Glutamic acid,31091674,G2
170706_Poo_TruePoo_Half4,L-Glutamic acid,29986918,G2
170706_Poo_TruePoo_Half5,L-Glutamic acid,36262100,G2
170706_Poo_TruePoo_Half6,L-Glutamic acid,40775136,G2
170706_Poo_TruePoo_Half7,L-Glutamic acid,34196132,G2
170706_Smp_S3E15D15_A,L-Glutamic acid,50660152,G2
170706_Smp_S3E15D15_B,L-Glutamic acid,35223204,G2
170706_Smp_S3E15D15_C,L-Glutamic acid,46526260,G2
170706_Smp_S3E15E15_Ds,L-Glutamic acid,26443258,G2
170706_Smp_S4E16D15_A,L-Glutamic acid,28246986,G2
170706_Smp_S4E16D15_B,L-Glutamic acid,36095024,G2
170706_Smp_S4E16D15_C,L-Glutamic acid,27752138,G2
170706_Smp_S4E16D15_Ds,L-Glutamic acid,33890500,G2
170706_Smp_S5E28D15_A,L-Glutamic acid,53345796,G2
170706_Smp_S5E28D15_B,L-Glutamic acid,47578644,G2
170706_Smp_S5E28D15_C,L-Glutamic acid,150747392,G2
170706_Smp_S5E28D15_Ds,L-Glutamic acid,54998740,G2
170706_Smp_S6E37D15_A,L-Glutamic acid,232662224,G2
170706_Smp_S6E37D15_B,L-Glutamic acid,186935328,G2
170706_Smp_S6E37D15_C,L-Glutamic acid,144679024,G2
170706_Smp_S6E37D15_Ds,L-Glutamic acid,92323008,G2
170706_Std_4uM-StdsInH2O_1,Hydroxyisoleucine,204564,G2
170706_Std_4uM-StdsInH2O_2,Hydroxyisoleucine,132039,G2
170706_Std_4uM-StdsInH2O_3,Hydroxyisoleucine,65164,G2
170706_Std_4uM-StdsInH2O_4,Hydroxyisoleucine,216022,G2
170706_Std_4uM-StdsInH2O_5,Hydroxyisoleucine,242877,G2
170706_Std_4uM-StdsInH2O_6,Hydroxyisoleucine,740361,G2
170706_Std_4uM-StdsInAqMatrix_1,Hydroxyisoleucine,168742720,G2
170706_Std_4uM-StdsInAqMatrix_2,Hydroxyisoleucine,135133088,G2
170706_Std_4uM-StdsInAqMatrix_3,Hydroxyisoleucine,142760768,G2
170706_Std_4uM-StdsInAqMatrix_4,Hydroxyisoleucine,57811164,G2
170706_Std_4uM-StdsInAqMatrix_5,Hydroxyisoleucine,31520408,G2
170706_Blk_Blk0p2_1,Hydroxyisoleucine,488981,G2
170706_Blk_Blk0p2_2,Hydroxyisoleucine,595693,G2
170706_Blk_BlkMQ_1,Hydroxyisoleucine,53742,G2
170706_Blk_BlkMQ_3,Hydroxyisoleucine,505950,G2
170706_Blk_MQBlk_2,Hydroxyisoleucine,306930,G2
170706_Poo_TruePoo_Full1,Hydroxyisoleucine,120563080,G2
170706_Poo_TruePoo_Full2,Hydroxyisoleucine,121855488,G2
170706_Poo_TruePoo_Full3,Hydroxyisoleucine,130501640,G2
170706_Poo_TruePoo_Full4,Hydroxyisoleucine,128697312,G2
170706_Poo_TruePoo_Full5,Hydroxyisoleucine,135266624,G2
170706_Poo_TruePoo_Full6,Hydroxyisoleucine,140541504,G2
170706_Poo_TruePoo_Full7,Hydroxyisoleucine,148482720,G2
170706_Poo_TruePoo_Half1,Hydroxyisoleucine,55540360,G2
170706_Poo_TruePoo_Half2,Hydroxyisoleucine,66450368,G2
170706_Poo_TruePoo_Half3,Hydroxyisoleucine,63357208,G2
170706_Poo_TruePoo_Half4,Hydroxyisoleucine,62259160,G2
170706_Poo_TruePoo_Half5,Hydroxyisoleucine,68002160,G2
170706_Poo_TruePoo_Half6,Hydroxyisoleucine,67730144,G2
170706_Poo_TruePoo_Half7,Hydroxyisoleucine,72411304,G2
170706_Smp_S3E15D15_A,Hydroxyisoleucine,139972752,G2
170706_Smp_S3E15D15_B,Hydroxyisoleucine,81393456,G2
170706_Smp_S3E15D15_C,Hydroxyisoleucine,140572288,G2
170706_Smp_S3E15E15_Ds,Hydroxyisoleucine,66414608,G2
170706_Smp_S4E16D15_A,Hydroxyisoleucine,60880460,G2
170706_Smp_S4E16D15_B,Hydroxyisoleucine,88965728,G2
170706_Smp_S4E16D15_C,Hydroxyisoleucine,56956528,G2
170706_Smp_S4E16D15_Ds,Hydroxyisoleucine,56690096,G2
170706_Smp_S5E28D15_A,Hydroxyisoleucine,51979064,G2
170706_Smp_S5E28D15_B,Hydroxyisoleucine,49632440,G2
170706_Smp_S5E28D15_C,Hydroxyisoleucine,57899912,G2
170706_Smp_S5E28D15_Ds,Hydroxyisoleucine,42721596,G2
170706_Smp_S6E37D15_A,Hydroxyisoleucine,688258048,G2
170706_Smp_S6E37D15_B,Hydroxyisoleucine,558181952,G2
170706_Smp_S6E37D15_C,Hydroxyisoleucine,451533664,G2
170706_Smp_S6E37D15_Ds,Hydroxyisoleucine,186235456,G2
170706_Std_4uM-StdsInH2O_1,L-Methionine,96723000,G2
170706_Std_4uM-StdsInH2O_2,L-Methionine,126138656,G2
170706_Std_4uM-StdsInH2O_3,L-Methionine,129496400,G2
170706_Std_4uM-StdsInH2O_4,L-Methionine,89380088,G2
170706_Std_4uM-StdsInH2O_5,L-Methionine,138283568,G2
170706_Std_4uM-StdsInH2O_6,L-Methionine,158507104,G2
170706_Std_4uM-StdsInAqMatrix_1,L-Methionine,134198720,G2
170706_Std_4uM-StdsInAqMatrix_2,L-Methionine,143644768,G2
170706_Std_4uM-StdsInAqMatrix_3,L-Methionine,139729792,G2
170706_Std_4uM-StdsInAqMatrix_4,L-Methionine,101047712,G2
170706_Std_4uM-StdsInAqMatrix_5,L-Methionine,145069584,G2
170706_Blk_Blk0p2_1,L-Methionine,0,G2
170706_Blk_Blk0p2_2,L-Methionine,16861,G2
170706_Blk_BlkMQ_1,L-Methionine,0,G2
170706_Blk_BlkMQ_3,L-Methionine,5275,G2
170706_Blk_MQBlk_2,L-Methionine,7382,G2
170706_Poo_TruePoo_Full1,L-Methionine,17959608,G2
170706_Poo_TruePoo_Full2,L-Methionine,14507678,G2
170706_Poo_TruePoo_Full3,L-Methionine,15186343,G2
170706_Poo_TruePoo_Full4,L-Methionine,16622771,G2
170706_Poo_TruePoo_Full5,L-Methionine,17296544,G2
170706_Poo_TruePoo_Full6,L-Methionine,18155430,G2
170706_Poo_TruePoo_Full7,L-Methionine,19898162,G2
170706_Poo_TruePoo_Half1,L-Methionine,8797310,G2
170706_Poo_TruePoo_Half2,L-Methionine,6787053,G2
170706_Poo_TruePoo_Half3,L-Methionine,6796352,G2
170706_Poo_TruePoo_Half4,L-Methionine,7665150,G2
170706_Poo_TruePoo_Half5,L-Methionine,8182672,G2
170706_Poo_TruePoo_Half6,L-Methionine,8741682,G2
170706_Poo_TruePoo_Half7,L-Methionine,9419054,G2
170706_Smp_S3E15D15_A,L-Methionine,3207621,G2
170706_Smp_S3E15D15_B,L-Methionine,1905415,G2
170706_Smp_S3E15D15_C,L-Methionine,2721345,G2
170706_Smp_S3E15E15_Ds,L-Methionine,106752,G2
170706_Smp_S4E16D15_A,L-Methionine,1491202,G2
170706_Smp_S4E16D15_B,L-Methionine,1615743,G2
170706_Smp_S4E16D15_C,L-Methionine,2038900,G2
170706_Smp_S4E16D15_Ds,L-Methionine,535358,G2
170706_Smp_S5E28D15_A,L-Methionine,3238299,G2
170706_Smp_S5E28D15_B,L-Methionine,3637280,G2
170706_Smp_S5E28D15_C,L-Methionine,6312382,G2
170706_Smp_S5E28D15_Ds,L-Methionine,1445568,G2
170706_Smp_S6E37D15_A,L-Methionine,109929824,G2
170706_Smp_S6E37D15_B,L-Methionine,148413408,G2
170706_Smp_S6E37D15_C,L-Methionine,132473840,G2
170706_Smp_S6E37D15_Ds,L-Methionine,7375698,G2
170706_Std_4uM-StdsInH2O_1,5-Hydroxyectoine,156300368,G2
170706_Std_4uM-StdsInH2O_2,5-Hydroxyectoine,181961840,G2
170706_Std_4uM-StdsInH2O_3,5-Hydroxyectoine,184032976,G2
170706_Std_4uM-StdsInH2O_4,5-Hydroxyectoine,156882912,G2
170706_Std_4uM-StdsInH2O_5,5-Hydroxyectoine,207556128,G2
170706_Std_4uM-StdsInH2O_6,5-Hydroxyectoine,237345200,G2
170706_Std_4uM-StdsInAqMatrix_1,5-Hydroxyectoine,125865328,G2
170706_Std_4uM-StdsInAqMatrix_2,5-Hydroxyectoine,159143136,G2
170706_Std_4uM-StdsInAqMatrix_3,5-Hydroxyectoine,154682480,G2
170706_Std_4uM-StdsInAqMatrix_4,5-Hydroxyectoine,127012760,G2
170706_Std_4uM-StdsInAqMatrix_5,5-Hydroxyectoine,188986432,G2
170706_Blk_Blk0p2_1,5-Hydroxyectoine,27546,G2
170706_Blk_Blk0p2_2,5-Hydroxyectoine,124578,G2
170706_Blk_BlkMQ_1,5-Hydroxyectoine,160571,G2
170706_Blk_BlkMQ_3,5-Hydroxyectoine,50031,G2
170706_Blk_MQBlk_2,5-Hydroxyectoine,199841,G2
170706_Poo_TruePoo_Full1,5-Hydroxyectoine,10723251,G2
170706_Poo_TruePoo_Full2,5-Hydroxyectoine,8643652,G2
170706_Poo_TruePoo_Full3,5-Hydroxyectoine,7964340,G2
170706_Poo_TruePoo_Full4,5-Hydroxyectoine,8502027,G2
170706_Poo_TruePoo_Full5,5-Hydroxyectoine,9395394,G2
170706_Poo_TruePoo_Full6,5-Hydroxyectoine,7968099,G2
170706_Poo_TruePoo_Full7,5-Hydroxyectoine,6792006,G2
170706_Poo_TruePoo_Half1,5-Hydroxyectoine,4747112,G2
170706_Poo_TruePoo_Half2,5-Hydroxyectoine,5561380,G2
170706_Poo_TruePoo_Half3,5-Hydroxyectoine,5371985,G2
170706_Poo_TruePoo_Half4,5-Hydroxyectoine,5564761,G2
170706_Poo_TruePoo_Half5,5-Hydroxyectoine,5771740,G2
170706_Poo_TruePoo_Half6,5-Hydroxyectoine,5913675,G2
170706_Poo_TruePoo_Half7,5-Hydroxyectoine,5602255,G2
170706_Smp_S3E15D15_A,5-Hydroxyectoine,3603481,G2
170706_Smp_S3E15D15_B,5-Hydroxyectoine,3014636,G2
170706_Smp_S3E15D15_C,5-Hydroxyectoine,4700825,G2
170706_Smp_S3E15E15_Ds,5-Hydroxyectoine,2888871,G2
170706_Smp_S4E16D15_A,5-Hydroxyectoine,7703106,G2
170706_Smp_S4E16D15_B,5-Hydroxyectoine,4997156,G2
170706_Smp_S4E16D15_C,5-Hydroxyectoine,6393063,G2
170706_Smp_S4E16D15_Ds,5-Hydroxyectoine,4272457,G2
170706_Smp_S5E28D15_A,5-Hydroxyectoine,6688121,G2
170706_Smp_S5E28D15_B,5-Hydroxyectoine,4401553,G2
170706_Smp_S5E28D15_C,5-Hydroxyectoine,4297005,G2
170706_Smp_S5E28D15_Ds,5-Hydroxyectoine,1045935,G2
170706_Smp_S6E37D15_A,5-Hydroxyectoine,52476444,G2
170706_Smp_S6E37D15_B,5-Hydroxyectoine,10835604,G2
170706_Smp_S6E37D15_C,5-Hydroxyectoine,7066748,G2
170706_Smp_S6E37D15_Ds,5-Hydroxyectoine,1869912,G2
170706_Std_4uM-StdsInH2O_1,Betonicine,116136,G2
170706_Std_4uM-StdsInH2O_2,Betonicine,67606,G2
170706_Std_4uM-StdsInH2O_3,Betonicine,161393,G2
170706_Std_4uM-StdsInH2O_4,Betonicine,337644,G2
170706_Std_4uM-StdsInH2O_5,Betonicine,118217,G2
170706_Std_4uM-StdsInH2O_6,Betonicine,76386,G2
170706_Std_4uM-StdsInAqMatrix_1,Betonicine,197244816,G2
170706_Std_4uM-StdsInAqMatrix_2,Betonicine,153458768,G2
170706_Std_4uM-StdsInAqMatrix_3,Betonicine,144226224,G2
170706_Std_4uM-StdsInAqMatrix_4,Betonicine,97443160,G2
170706_Std_4uM-StdsInAqMatrix_5,Betonicine,49751892,G2
170706_Blk_Blk0p2_1,Betonicine,429329,G2
170706_Blk_Blk0p2_2,Betonicine,2472613,G2
170706_Blk_BlkMQ_1,Betonicine,59323,G2
170706_Blk_BlkMQ_3,Betonicine,768050,G2
170706_Blk_MQBlk_2,Betonicine,7368,G2
170706_Poo_TruePoo_Full1,Betonicine,142560080,G2
170706_Poo_TruePoo_Full2,Betonicine,155453872,G2
170706_Poo_TruePoo_Full3,Betonicine,139980848,G2
170706_Poo_TruePoo_Full4,Betonicine,137458976,G2
170706_Poo_TruePoo_Full5,Betonicine,157165200,G2
170706_Poo_TruePoo_Full6,Betonicine,175601232,G2
170706_Poo_TruePoo_Full7,Betonicine,172630176,G2
170706_Poo_TruePoo_Half1,Betonicine,71332112,G2
170706_Poo_TruePoo_Half2,Betonicine,74984504,G2
170706_Poo_TruePoo_Half3,Betonicine,68256104,G2
170706_Poo_TruePoo_Half4,Betonicine,73537088,G2
170706_Poo_TruePoo_Half5,Betonicine,82146152,G2
170706_Poo_TruePoo_Half6,Betonicine,79654440,G2
170706_Poo_TruePoo_Half7,Betonicine,79552888,G2
170706_Smp_S3E15D15_A,Betonicine,171291440,G2
170706_Smp_S3E15D15_B,Betonicine,74463592,G2
170706_Smp_S3E15D15_C,Betonicine,110242696,G2
170706_Smp_S3E15E15_Ds,Betonicine,47497088,G2
170706_Smp_S4E16D15_A,Betonicine,70887432,G2
170706_Smp_S4E16D15_B,Betonicine,98067120,G2
170706_Smp_S4E16D15_C,Betonicine,63455768,G2
170706_Smp_S4E16D15_Ds,Betonicine,43659876,G2
170706_Smp_S5E28D15_A,Betonicine,33839720,G2
170706_Smp_S5E28D15_B,Betonicine,34398288,G2
170706_Smp_S5E28D15_C,Betonicine,40962976,G2
170706_Smp_S5E28D15_Ds,Betonicine,22964980,G2
170706_Smp_S6E37D15_A,Betonicine,641761344,G2
170706_Smp_S6E37D15_B,Betonicine,414218720,G2
170706_Smp_S6E37D15_C,Betonicine,343862400,G2
170706_Smp_S6E37D15_Ds,Betonicine,181767280,G2
170706_Std_4uM-StdsInH2O_1,Carnitine,892277888,G2
170706_Std_4uM-StdsInH2O_2,Carnitine,865183680,G2
170706_Std_4uM-StdsInH2O_3,Carnitine,862066304,G2
170706_Std_4uM-StdsInH2O_4,Carnitine,697485312,G2
170706_Std_4uM-StdsInH2O_5,Carnitine,955052160,G2
170706_Std_4uM-StdsInH2O_6,Carnitine,1005832320,G2
170706_Std_4uM-StdsInAqMatrix_1,Carnitine,1097326976,G2
170706_Std_4uM-StdsInAqMatrix_2,Carnitine,1163528448,G2
170706_Std_4uM-StdsInAqMatrix_3,Carnitine,1095627904,G2
170706_Std_4uM-StdsInAqMatrix_4,Carnitine,670229120,G2
170706_Std_4uM-StdsInAqMatrix_5,Carnitine,962972416,G2
170706_Blk_Blk0p2_1,Carnitine,1082652,G2
170706_Blk_Blk0p2_2,Carnitine,3788049,G2
170706_Blk_BlkMQ_1,Carnitine,700851,G2
170706_Blk_BlkMQ_3,Carnitine,591107,G2
170706_Blk_MQBlk_2,Carnitine,40184,G2
170706_Poo_TruePoo_Full1,Carnitine,277557728,G2
170706_Poo_TruePoo_Full2,Carnitine,274360832,G2
170706_Poo_TruePoo_Full3,Carnitine,287137152,G2
170706_Poo_TruePoo_Full4,Carnitine,284467648,G2
170706_Poo_TruePoo_Full5,Carnitine,287478848,G2
170706_Poo_TruePoo_Full6,Carnitine,295331904,G2
170706_Poo_TruePoo_Full7,Carnitine,290502208,G2
170706_Poo_TruePoo_Half1,Carnitine,139285104,G2
170706_Poo_TruePoo_Half2,Carnitine,140674800,G2
170706_Poo_TruePoo_Half3,Carnitine,141596272,G2
170706_Poo_TruePoo_Half4,Carnitine,138908224,G2
170706_Poo_TruePoo_Half5,Carnitine,149812928,G2
170706_Poo_TruePoo_Half6,Carnitine,158392912,G2
170706_Poo_TruePoo_Half7,Carnitine,146540384,G2
170706_Smp_S3E15D15_A,Carnitine,139185424,G2
170706_Smp_S3E15D15_B,Carnitine,86405336,G2
170706_Smp_S3E15D15_C,Carnitine,120260864,G2
170706_Smp_S3E15E15_Ds,Carnitine,62080512,G2
170706_Smp_S4E16D15_A,Carnitine,88485656,G2
170706_Smp_S4E16D15_B,Carnitine,121862008,G2
170706_Smp_S4E16D15_C,Carnitine,91664408,G2
170706_Smp_S4E16D15_Ds,Carnitine,64836244,G2
170706_Smp_S5E28D15_A,Carnitine,84529160,G2
170706_Smp_S5E28D15_B,Carnitine,75731016,G2
170706_Smp_S5E28D15_C,Carnitine,108346720,G2
170706_Smp_S5E28D15_Ds,Carnitine,59026120,G2
170706_Smp_S6E37D15_A,Carnitine,2034622592,G2
170706_Smp_S6E37D15_B,Carnitine,1502903808,G2
170706_Smp_S6E37D15_C,Carnitine,1310068480,G2
170706_Smp_S6E37D15_Ds,Carnitine,330315808,G2
170706_Std_4uM-StdsInH2O_1,L-Arginine,25344322,G2
170706_Std_4uM-StdsInH2O_2,L-Arginine,49425076,G2
170706_Std_4uM-StdsInH2O_3,L-Arginine,47069608,G2
170706_Std_4uM-StdsInH2O_4,L-Arginine,32610582,G2
170706_Std_4uM-StdsInH2O_5,L-Arginine,54113568,G2
170706_Std_4uM-StdsInH2O_6,L-Arginine,55657504,G2
170706_Std_4uM-StdsInAqMatrix_1,L-Arginine,54786364,G2
170706_Std_4uM-StdsInAqMatrix_2,L-Arginine,72890624,G2
170706_Std_4uM-StdsInAqMatrix_3,L-Arginine,76581312,G2
170706_Std_4uM-StdsInAqMatrix_4,L-Arginine,57317724,G2
170706_Std_4uM-StdsInAqMatrix_5,L-Arginine,64838828,G2
170706_Blk_Blk0p2_1,L-Arginine,35757,G2
170706_Blk_Blk0p2_2,L-Arginine,451406,G2
170706_Blk_BlkMQ_1,L-Arginine,0,G2
170706_Blk_BlkMQ_3,L-Arginine,18986,G2
170706_Blk_MQBlk_2,L-Arginine,781065,G2
170706_Poo_TruePoo_Full1,L-Arginine,44994728,G2
170706_Poo_TruePoo_Full2,L-Arginine,24088366,G2
170706_Poo_TruePoo_Full3,L-Arginine,23432432,G2
170706_Poo_TruePoo_Full4,L-Arginine,26037374,G2
170706_Poo_TruePoo_Full5,L-Arginine,25090314,G2
170706_Poo_TruePoo_Full6,L-Arginine,31729428,G2
170706_Poo_TruePoo_Full7,L-Arginine,30220554,G2
170706_Poo_TruePoo_Half1,L-Arginine,18338460,G2
170706_Poo_TruePoo_Half2,L-Arginine,11575187,G2
170706_Poo_TruePoo_Half3,L-Arginine,11991700,G2
170706_Poo_TruePoo_Half4,L-Arginine,11862062,G2
170706_Poo_TruePoo_Half5,L-Arginine,15051563,G2
170706_Poo_TruePoo_Half6,L-Arginine,15652687,G2
170706_Poo_TruePoo_Half7,L-Arginine,13056028,G2
170706_Smp_S3E15D15_A,L-Arginine,8797225,G2
170706_Smp_S3E15D15_B,L-Arginine,5883944,G2
170706_Smp_S3E15D15_C,L-Arginine,7741322,G2
170706_Smp_S3E15E15_Ds,L-Arginine,1676531,G2
170706_Smp_S4E16D15_A,L-Arginine,4055394,G2
170706_Smp_S4E16D15_B,L-Arginine,6003813,G2
170706_Smp_S4E16D15_C,L-Arginine,4601998,G2
170706_Smp_S4E16D15_Ds,L-Arginine,1620621,G2
170706_Smp_S5E28D15_A,L-Arginine,6455993,G2
170706_Smp_S5E28D15_B,L-Arginine,8227945,G2
170706_Smp_S5E28D15_C,L-Arginine,35223268,G2
170706_Smp_S5E28D15_Ds,L-Arginine,3021570,G2
170706_Smp_S6E37D15_A,L-Arginine,165854832,G2
170706_Smp_S6E37D15_B,L-Arginine,202070672,G2
170706_Smp_S6E37D15_C,L-Arginine,245601616,G2
170706_Smp_S6E37D15_Ds,L-Arginine,7932784,G2
170706_Std_4uM-StdsInH2O_1,Arsenobetaine,NA,G2
170706_Std_4uM-StdsInH2O_2,Arsenobetaine,NA,G2
170706_Std_4uM-StdsInH2O_3,Arsenobetaine,NA,G2
170706_Std_4uM-StdsInH2O_4,Arsenobetaine,NA,G2
170706_Std_4uM-StdsInH2O_5,Arsenobetaine,NA,G2
170706_Std_4uM-StdsInH2O_6,Arsenobetaine,NA,G2
170706_Std_4uM-StdsInAqMatrix_1,Arsenobetaine,11766425,G2
170706_Std_4uM-StdsInAqMatrix_2,Arsenobetaine,9841449,G2
170706_Std_4uM-StdsInAqMatrix_3,Arsenobetaine,10009094,G2
170706_Std_4uM-StdsInAqMatrix_4,Arsenobetaine,6853044,G2
170706_Std_4uM-StdsInAqMatrix_5,Arsenobetaine,3550596,G2
170706_Blk_Blk0p2_1,Arsenobetaine,14084,G2
170706_Blk_Blk0p2_2,Arsenobetaine,NA,G2
170706_Blk_BlkMQ_1,Arsenobetaine,NA,G2
170706_Blk_BlkMQ_3,Arsenobetaine,NA,G2
170706_Blk_MQBlk_2,Arsenobetaine,NA,G2
170706_Poo_TruePoo_Full1,Arsenobetaine,10468497,G2
170706_Poo_TruePoo_Full2,Arsenobetaine,11344955,G2
170706_Poo_TruePoo_Full3,Arsenobetaine,10823243,G2
170706_Poo_TruePoo_Full4,Arsenobetaine,11565028,G2
170706_Poo_TruePoo_Full5,Arsenobetaine,11935099,G2
170706_Poo_TruePoo_Full6,Arsenobetaine,11558217,G2
170706_Poo_TruePoo_Full7,Arsenobetaine,11987925,G2
170706_Poo_TruePoo_Half1,Arsenobetaine,5002545,G2
170706_Poo_TruePoo_Half2,Arsenobetaine,5365462,G2
170706_Poo_TruePoo_Half3,Arsenobetaine,5293645,G2
170706_Poo_TruePoo_Half4,Arsenobetaine,5230024,G2
170706_Poo_TruePoo_Half5,Arsenobetaine,5882021,G2
170706_Poo_TruePoo_Half6,Arsenobetaine,5829652,G2
170706_Poo_TruePoo_Half7,Arsenobetaine,5763202,G2
170706_Smp_S3E15D15_A,Arsenobetaine,16144303,G2
170706_Smp_S3E15D15_B,Arsenobetaine,9302572,G2
170706_Smp_S3E15D15_C,Arsenobetaine,13586331,G2
170706_Smp_S3E15E15_Ds,Arsenobetaine,7929709,G2
170706_Smp_S4E16D15_A,Arsenobetaine,6306989,G2
170706_Smp_S4E16D15_B,Arsenobetaine,9294813,G2
170706_Smp_S4E16D15_C,Arsenobetaine,6012062,G2
170706_Smp_S4E16D15_Ds,Arsenobetaine,6134435,G2
170706_Smp_S5E28D15_A,Arsenobetaine,4142769,G2
170706_Smp_S5E28D15_B,Arsenobetaine,4115233,G2
170706_Smp_S5E28D15_C,Arsenobetaine,4781938,G2
170706_Smp_S5E28D15_Ds,Arsenobetaine,3851613,G2
170706_Smp_S6E37D15_A,Arsenobetaine,9119176,G2
170706_Smp_S6E37D15_B,Arsenobetaine,7464767,G2
170706_Smp_S6E37D15_C,Arsenobetaine,7416937,G2
170706_Smp_S6E37D15_Ds,Arsenobetaine,2605456,G2
170706_Std_4uM-StdsInH2O_1,Gonyol,158033,G2
170706_Std_4uM-StdsInH2O_2,Gonyol,306759,G2
170706_Std_4uM-StdsInH2O_3,Gonyol,59271,G2
170706_Std_4uM-StdsInH2O_4,Gonyol,29229,G2
170706_Std_4uM-StdsInH2O_5,Gonyol,18141,G2
170706_Std_4uM-StdsInH2O_6,Gonyol,30539,G2
170706_Std_4uM-StdsInAqMatrix_1,Gonyol,707123776,G2
170706_Std_4uM-StdsInAqMatrix_2,Gonyol,651978688,G2
170706_Std_4uM-StdsInAqMatrix_3,Gonyol,626740160,G2
170706_Std_4uM-StdsInAqMatrix_4,Gonyol,342009920,G2
170706_Std_4uM-StdsInAqMatrix_5,Gonyol,193797120,G2
170706_Blk_Blk0p2_1,Gonyol,1202831,G2
170706_Blk_Blk0p2_2,Gonyol,1882428,G2
170706_Blk_BlkMQ_1,Gonyol,154510,G2
170706_Blk_BlkMQ_3,Gonyol,994686,G2
170706_Blk_MQBlk_2,Gonyol,332916,G2
170706_Poo_TruePoo_Full1,Gonyol,439337888,G2
170706_Poo_TruePoo_Full2,Gonyol,369917056,G2
170706_Poo_TruePoo_Full3,Gonyol,308395488,G2
170706_Poo_TruePoo_Full4,Gonyol,332838560,G2
170706_Poo_TruePoo_Full5,Gonyol,360851552,G2
170706_Poo_TruePoo_Full6,Gonyol,309848544,G2
170706_Poo_TruePoo_Full7,Gonyol,298457184,G2
170706_Poo_TruePoo_Half1,Gonyol,302682944,G2
170706_Poo_TruePoo_Half2,Gonyol,357776256,G2
170706_Poo_TruePoo_Half3,Gonyol,350933248,G2
170706_Poo_TruePoo_Half4,Gonyol,388976128,G2
170706_Poo_TruePoo_Half5,Gonyol,326183008,G2
170706_Poo_TruePoo_Half6,Gonyol,335346720,G2
170706_Poo_TruePoo_Half7,Gonyol,357278848,G2
170706_Smp_S3E15D15_A,Gonyol,137496304,G2
170706_Smp_S3E15D15_B,Gonyol,83082968,G2
170706_Smp_S3E15D15_C,Gonyol,71758576,G2
170706_Smp_S3E15E15_Ds,Gonyol,10959135,G2
170706_Smp_S4E16D15_A,Gonyol,175234080,G2
170706_Smp_S4E16D15_B,Gonyol,129693040,G2
170706_Smp_S4E16D15_C,Gonyol,232740480,G2
170706_Smp_S4E16D15_Ds,Gonyol,20766706,G2
170706_Smp_S5E28D15_A,Gonyol,52226628,G2
170706_Smp_S5E28D15_B,Gonyol,51777760,G2
170706_Smp_S5E28D15_C,Gonyol,130177408,G2
170706_Smp_S5E28D15_Ds,Gonyol,7427013,G2
170706_Smp_S6E37D15_A,Gonyol,985973888,G2
170706_Smp_S6E37D15_B,Gonyol,1312005504,G2
170706_Smp_S6E37D15_C,Gonyol,1429886720,G2
170706_Smp_S6E37D15_Ds,Gonyol,40312904,G2
170706_Std_4uM-StdsInH2O_1,L-Tyrosine,38668692,G2
170706_Std_4uM-StdsInH2O_2,L-Tyrosine,52909332,G2
170706_Std_4uM-StdsInH2O_3,L-Tyrosine,61047360,G2
170706_Std_4uM-StdsInH2O_4,L-Tyrosine,40236816,G2
170706_Std_4uM-StdsInH2O_5,L-Tyrosine,75007608,G2
170706_Std_4uM-StdsInH2O_6,L-Tyrosine,89864464,G2
170706_Std_4uM-StdsInAqMatrix_1,L-Tyrosine,59839952,G2
170706_Std_4uM-StdsInAqMatrix_2,L-Tyrosine,60317400,G2
170706_Std_4uM-StdsInAqMatrix_3,L-Tyrosine,63319192,G2
170706_Std_4uM-StdsInAqMatrix_4,L-Tyrosine,49798564,G2
170706_Std_4uM-StdsInAqMatrix_5,L-Tyrosine,72383664,G2
170706_Blk_Blk0p2_1,L-Tyrosine,72130,G2
170706_Blk_Blk0p2_2,L-Tyrosine,209499,G2
170706_Blk_BlkMQ_1,L-Tyrosine,109550,G2
170706_Blk_BlkMQ_3,L-Tyrosine,140902,G2
170706_Blk_MQBlk_2,L-Tyrosine,109230,G2
170706_Poo_TruePoo_Full1,L-Tyrosine,22469562,G2
170706_Poo_TruePoo_Full2,L-Tyrosine,15216027,G2
170706_Poo_TruePoo_Full3,L-Tyrosine,16576006,G2
170706_Poo_TruePoo_Full4,L-Tyrosine,17174438,G2
170706_Poo_TruePoo_Full5,L-Tyrosine,18881426,G2
170706_Poo_TruePoo_Full6,L-Tyrosine,20422852,G2
170706_Poo_TruePoo_Full7,L-Tyrosine,21113786,G2
170706_Poo_TruePoo_Half1,L-Tyrosine,10324770,G2
170706_Poo_TruePoo_Half2,L-Tyrosine,7393600,G2
170706_Poo_TruePoo_Half3,L-Tyrosine,7551253,G2
170706_Poo_TruePoo_Half4,L-Tyrosine,7822304,G2
170706_Poo_TruePoo_Half5,L-Tyrosine,9547674,G2
170706_Poo_TruePoo_Half6,L-Tyrosine,10992452,G2
170706_Poo_TruePoo_Half7,L-Tyrosine,10255122,G2
170706_Smp_S3E15D15_A,L-Tyrosine,7686230,G2
170706_Smp_S3E15D15_B,L-Tyrosine,4523834,G2
170706_Smp_S3E15D15_C,L-Tyrosine,6126111,G2
170706_Smp_S3E15E15_Ds,L-Tyrosine,2389926,G2
170706_Smp_S4E16D15_A,L-Tyrosine,3717770,G2
170706_Smp_S4E16D15_B,L-Tyrosine,6222618,G2
170706_Smp_S4E16D15_C,L-Tyrosine,3804067,G2
170706_Smp_S4E16D15_Ds,L-Tyrosine,2343997,G2
170706_Smp_S5E28D15_A,L-Tyrosine,3637767,G2
170706_Smp_S5E28D15_B,L-Tyrosine,4449223,G2
170706_Smp_S5E28D15_C,L-Tyrosine,8755305,G2
170706_Smp_S5E28D15_Ds,L-Tyrosine,1455877,G2
170706_Smp_S6E37D15_A,L-Tyrosine,81029280,G2
170706_Smp_S6E37D15_B,L-Tyrosine,79281576,G2
170706_Smp_S6E37D15_C,L-Tyrosine,96086632,G2
170706_Smp_S6E37D15_Ds,L-Tyrosine,11128414,G2
170706_Std_4uM-StdsInH2O_1,2-O-alpha-D-Glucosylglycerol,235906,G2
170706_Std_4uM-StdsInH2O_2,2-O-alpha-D-Glucosylglycerol,536752,G2
170706_Std_4uM-StdsInH2O_3,2-O-alpha-D-Glucosylglycerol,581023,G2
170706_Std_4uM-StdsInH2O_4,2-O-alpha-D-Glucosylglycerol,31904,G2
170706_Std_4uM-StdsInH2O_5,2-O-alpha-D-Glucosylglycerol,892572,G2
170706_Std_4uM-StdsInH2O_6,2-O-alpha-D-Glucosylglycerol,1636299,G2
170706_Std_4uM-StdsInAqMatrix_1,2-O-alpha-D-Glucosylglycerol,2769530,G2
170706_Std_4uM-StdsInAqMatrix_2,2-O-alpha-D-Glucosylglycerol,848419,G2
170706_Std_4uM-StdsInAqMatrix_3,2-O-alpha-D-Glucosylglycerol,1275704,G2
170706_Std_4uM-StdsInAqMatrix_4,2-O-alpha-D-Glucosylglycerol,2522616,G2
170706_Std_4uM-StdsInAqMatrix_5,2-O-alpha-D-Glucosylglycerol,1501117,G2
170706_Blk_Blk0p2_1,2-O-alpha-D-Glucosylglycerol,0,G2
170706_Blk_Blk0p2_2,2-O-alpha-D-Glucosylglycerol,0,G2
170706_Blk_BlkMQ_1,2-O-alpha-D-Glucosylglycerol,0,G2
170706_Blk_BlkMQ_3,2-O-alpha-D-Glucosylglycerol,0,G2
170706_Blk_MQBlk_2,2-O-alpha-D-Glucosylglycerol,0,G2
170706_Poo_TruePoo_Full1,2-O-alpha-D-Glucosylglycerol,2403434,G2
170706_Poo_TruePoo_Full2,2-O-alpha-D-Glucosylglycerol,1643437,G2
170706_Poo_TruePoo_Full3,2-O-alpha-D-Glucosylglycerol,1909859,G2
170706_Poo_TruePoo_Full4,2-O-alpha-D-Glucosylglycerol,2055588,G2
170706_Poo_TruePoo_Full5,2-O-alpha-D-Glucosylglycerol,2762931,G2
170706_Poo_TruePoo_Full6,2-O-alpha-D-Glucosylglycerol,3023700,G2
170706_Poo_TruePoo_Full7,2-O-alpha-D-Glucosylglycerol,3190394,G2
170706_Poo_TruePoo_Half1,2-O-alpha-D-Glucosylglycerol,1307268,G2
170706_Poo_TruePoo_Half2,2-O-alpha-D-Glucosylglycerol,793782,G2
170706_Poo_TruePoo_Half3,2-O-alpha-D-Glucosylglycerol,918551,G2
170706_Poo_TruePoo_Half4,2-O-alpha-D-Glucosylglycerol,941545,G2
170706_Poo_TruePoo_Half5,2-O-alpha-D-Glucosylglycerol,1499981,G2
170706_Poo_TruePoo_Half6,2-O-alpha-D-Glucosylglycerol,1629528,G2
170706_Poo_TruePoo_Half7,2-O-alpha-D-Glucosylglycerol,1676654,G2
170706_Smp_S3E15D15_A,2-O-alpha-D-Glucosylglycerol,75935,G2
170706_Smp_S3E15D15_B,2-O-alpha-D-Glucosylglycerol,47739,G2
170706_Smp_S3E15D15_C,2-O-alpha-D-Glucosylglycerol,22835,G2
170706_Smp_S3E15E15_Ds,2-O-alpha-D-Glucosylglycerol,0,G2
170706_Smp_S4E16D15_A,2-O-alpha-D-Glucosylglycerol,54416,G2
170706_Smp_S4E16D15_B,2-O-alpha-D-Glucosylglycerol,187222,G2
170706_Smp_S4E16D15_C,2-O-alpha-D-Glucosylglycerol,38215,G2
170706_Smp_S4E16D15_Ds,2-O-alpha-D-Glucosylglycerol,0,G2
170706_Smp_S5E28D15_A,2-O-alpha-D-Glucosylglycerol,43981,G2
170706_Smp_S5E28D15_B,2-O-alpha-D-Glucosylglycerol,94977,G2
170706_Smp_S5E28D15_C,2-O-alpha-D-Glucosylglycerol,294369,G2
170706_Smp_S5E28D15_Ds,2-O-alpha-D-Glucosylglycerol,10826,G2
170706_Smp_S6E37D15_A,2-O-alpha-D-Glucosylglycerol,8004524,G2
170706_Smp_S6E37D15_B,2-O-alpha-D-Glucosylglycerol,7009337,G2
170706_Smp_S6E37D15_C,2-O-alpha-D-Glucosylglycerol,9204724,G2
170706_Smp_S6E37D15_Ds,2-O-alpha-D-Glucosylglycerol,609929,G2
170706_Std_4uM-StdsInH2O_1,Threonine Betaine (tentative),46401,G2
170706_Std_4uM-StdsInH2O_2,Threonine Betaine (tentative),18707,G2
170706_Std_4uM-StdsInH2O_3,Threonine Betaine (tentative),25013,G2
170706_Std_4uM-StdsInH2O_4,Threonine Betaine (tentative),9900,G2
170706_Std_4uM-StdsInH2O_5,Threonine Betaine (tentative),28041,G2
170706_Std_4uM-StdsInH2O_6,Threonine Betaine (tentative),0,G2
170706_Std_4uM-StdsInAqMatrix_1,Threonine Betaine (tentative),27498086,G2
170706_Std_4uM-StdsInAqMatrix_2,Threonine Betaine (tentative),21408500,G2
170706_Std_4uM-StdsInAqMatrix_3,Threonine Betaine (tentative),24625590,G2
170706_Std_4uM-StdsInAqMatrix_4,Threonine Betaine (tentative),5049812,G2
170706_Std_4uM-StdsInAqMatrix_5,Threonine Betaine (tentative),3030885,G2
170706_Blk_Blk0p2_1,Threonine Betaine (tentative),764573,G2
170706_Blk_Blk0p2_2,Threonine Betaine (tentative),507579,G2
170706_Blk_BlkMQ_1,Threonine Betaine (tentative),404157,G2
170706_Blk_BlkMQ_3,Threonine Betaine (tentative),31848,G2
170706_Blk_MQBlk_2,Threonine Betaine (tentative),193805,G2
170706_Poo_TruePoo_Full1,Threonine Betaine (tentative),22604012,G2
170706_Poo_TruePoo_Full2,Threonine Betaine (tentative),22741062,G2
170706_Poo_TruePoo_Full3,Threonine Betaine (tentative),24581738,G2
170706_Poo_TruePoo_Full4,Threonine Betaine (tentative),22558382,G2
170706_Poo_TruePoo_Full5,Threonine Betaine (tentative),26509840,G2
170706_Poo_TruePoo_Full6,Threonine Betaine (tentative),25376424,G2
170706_Poo_TruePoo_Full7,Threonine Betaine (tentative),26949840,G2
170706_Poo_TruePoo_Half1,Threonine Betaine (tentative),11058099,G2
170706_Poo_TruePoo_Half2,Threonine Betaine (tentative),12209805,G2
170706_Poo_TruePoo_Half3,Threonine Betaine (tentative),13308103,G2
170706_Poo_TruePoo_Half4,Threonine Betaine (tentative),11758285,G2
170706_Poo_TruePoo_Half5,Threonine Betaine (tentative),12209842,G2
170706_Poo_TruePoo_Half6,Threonine Betaine (tentative),11677203,G2
170706_Poo_TruePoo_Half7,Threonine Betaine (tentative),11624191,G2
170706_Smp_S3E15D15_A,Threonine Betaine (tentative),82920344,G2
170706_Smp_S3E15D15_B,Threonine Betaine (tentative),54466436,G2
170706_Smp_S3E15D15_C,Threonine Betaine (tentative),99195656,G2
170706_Smp_S3E15E15_Ds,Threonine Betaine (tentative),47160264,G2
170706_Smp_S4E16D15_A,Threonine Betaine (tentative),15644325,G2
170706_Smp_S4E16D15_B,Threonine Betaine (tentative),24015950,G2
170706_Smp_S4E16D15_C,Threonine Betaine (tentative),15126118,G2
170706_Smp_S4E16D15_Ds,Threonine Betaine (tentative),12224648,G2
170706_Smp_S5E28D15_A,Threonine Betaine (tentative),1368303,G2
170706_Smp_S5E28D15_B,Threonine Betaine (tentative),1163503,G2
170706_Smp_S5E28D15_C,Threonine Betaine (tentative),1651382,G2
170706_Smp_S5E28D15_Ds,Threonine Betaine (tentative),1844248,G2
170706_Smp_S6E37D15_A,Threonine Betaine (tentative),140101584,G2
170706_Smp_S6E37D15_B,Threonine Betaine (tentative),103784504,G2
170706_Smp_S6E37D15_C,Threonine Betaine (tentative),114488784,G2
170706_Smp_S6E37D15_Ds,Threonine Betaine (tentative),11797795,G2
170706_Std_4uM-StdsInH2O_1,Homoserine Betaine (tentative),72612,G2
170706_Std_4uM-StdsInH2O_2,Homoserine Betaine (tentative),108677,G2
170706_Std_4uM-StdsInH2O_3,Homoserine Betaine (tentative),17970,G2
170706_Std_4uM-StdsInH2O_4,Homoserine Betaine (tentative),63081,G2
170706_Std_4uM-StdsInH2O_5,Homoserine Betaine (tentative),200467,G2
170706_Std_4uM-StdsInH2O_6,Homoserine Betaine (tentative),70242,G2
170706_Std_4uM-StdsInAqMatrix_1,Homoserine Betaine (tentative),385358528,G2
170706_Std_4uM-StdsInAqMatrix_2,Homoserine Betaine (tentative),294808704,G2
170706_Std_4uM-StdsInAqMatrix_3,Homoserine Betaine (tentative),322392576,G2
170706_Std_4uM-StdsInAqMatrix_4,Homoserine Betaine (tentative),245129056,G2
170706_Std_4uM-StdsInAqMatrix_5,Homoserine Betaine (tentative),133679160,G2
170706_Blk_Blk0p2_1,Homoserine Betaine (tentative),1258895,G2
170706_Blk_Blk0p2_2,Homoserine Betaine (tentative),2099759,G2
170706_Blk_BlkMQ_1,Homoserine Betaine (tentative),231441,G2
170706_Blk_BlkMQ_3,Homoserine Betaine (tentative),685777,G2
170706_Blk_MQBlk_2,Homoserine Betaine (tentative),72765,G2
170706_Poo_TruePoo_Full1,Homoserine Betaine (tentative),316874528,G2
170706_Poo_TruePoo_Full2,Homoserine Betaine (tentative),309342784,G2
170706_Poo_TruePoo_Full3,Homoserine Betaine (tentative),325019584,G2
170706_Poo_TruePoo_Full4,Homoserine Betaine (tentative),325776000,G2
170706_Poo_TruePoo_Full5,Homoserine Betaine (tentative),354407328,G2
170706_Poo_TruePoo_Full6,Homoserine Betaine (tentative),363284928,G2
170706_Poo_TruePoo_Full7,Homoserine Betaine (tentative),374688864,G2
170706_Poo_TruePoo_Half1,Homoserine Betaine (tentative),142041248,G2
170706_Poo_TruePoo_Half2,Homoserine Betaine (tentative),163852048,G2
170706_Poo_TruePoo_Half3,Homoserine Betaine (tentative),167020992,G2
170706_Poo_TruePoo_Half4,Homoserine Betaine (tentative),160193872,G2
170706_Poo_TruePoo_Half5,Homoserine Betaine (tentative),181208784,G2
170706_Poo_TruePoo_Half6,Homoserine Betaine (tentative),179741808,G2
170706_Poo_TruePoo_Half7,Homoserine Betaine (tentative),190464032,G2
170706_Smp_S3E15D15_A,Homoserine Betaine (tentative),387416384,G2
170706_Smp_S3E15D15_B,Homoserine Betaine (tentative),261450832,G2
170706_Smp_S3E15D15_C,Homoserine Betaine (tentative),373992544,G2
170706_Smp_S3E15E15_Ds,Homoserine Betaine (tentative),134644368,G2
170706_Smp_S4E16D15_A,Homoserine Betaine (tentative),149834432,G2
170706_Smp_S4E16D15_B,Homoserine Betaine (tentative),214608608,G2
170706_Smp_S4E16D15_C,Homoserine Betaine (tentative),127032592,G2
170706_Smp_S4E16D15_Ds,Homoserine Betaine (tentative),102668800,G2
170706_Smp_S5E28D15_A,Homoserine Betaine (tentative),319568352,G2
170706_Smp_S5E28D15_B,Homoserine Betaine (tentative),285643712,G2
170706_Smp_S5E28D15_C,Homoserine Betaine (tentative),430098240,G2
170706_Smp_S5E28D15_Ds,Homoserine Betaine (tentative),161058240,G2
170706_Smp_S6E37D15_A,Homoserine Betaine (tentative),1432264320,G2
170706_Smp_S6E37D15_B,Homoserine Betaine (tentative),1111275264,G2
170706_Smp_S6E37D15_C,Homoserine Betaine (tentative),900386176,G2
170706_Smp_S6E37D15_Ds,Homoserine Betaine (tentative),524701824,G2
170706_Std_4uM-StdsInH2O_1,Taurine,103838504,G2
170706_Std_4uM-StdsInH2O_2,Taurine,166071808,G2
170706_Std_4uM-StdsInH2O_3,Taurine,196038592,G2
170706_Std_4uM-StdsInH2O_4,Taurine,162889472,G2
170706_Std_4uM-StdsInH2O_5,Taurine,274459168,G2
170706_Std_4uM-StdsInH2O_6,Taurine,363630560,G2
170706_Std_4uM-StdsInAqMatrix_1,Taurine,201968288,G2
170706_Std_4uM-StdsInAqMatrix_2,Taurine,208686304,G2
170706_Std_4uM-StdsInAqMatrix_3,Taurine,198942704,G2
170706_Std_4uM-StdsInAqMatrix_4,Taurine,167036944,G2
170706_Std_4uM-StdsInAqMatrix_5,Taurine,210170048,G2
170706_Blk_Blk0p2_1,Taurine,0,G2
170706_Blk_Blk0p2_2,Taurine,200837,G2
170706_Blk_BlkMQ_1,Taurine,0,G2
170706_Blk_BlkMQ_3,Taurine,0,G2
170706_Blk_MQBlk_2,Taurine,0,G2
170706_Poo_TruePoo_Full1,Taurine,150648048,G2
170706_Poo_TruePoo_Full2,Taurine,109130552,G2
170706_Poo_TruePoo_Full3,Taurine,96970800,G2
170706_Poo_TruePoo_Full4,Taurine,86775800,G2
170706_Poo_TruePoo_Full5,Taurine,98079208,G2
170706_Poo_TruePoo_Full6,Taurine,79776800,G2
170706_Poo_TruePoo_Full7,Taurine,93615448,G2
170706_Poo_TruePoo_Half1,Taurine,98037648,G2
170706_Poo_TruePoo_Half2,Taurine,70606232,G2
170706_Poo_TruePoo_Half3,Taurine,73692384,G2
170706_Poo_TruePoo_Half4,Taurine,74250032,G2
170706_Poo_TruePoo_Half5,Taurine,95380152,G2
170706_Poo_TruePoo_Half6,Taurine,90134976,G2
170706_Poo_TruePoo_Half7,Taurine,83571928,G2
170706_Smp_S3E15D15_A,Taurine,34479660,G2
170706_Smp_S3E15D15_B,Taurine,22315446,G2
170706_Smp_S3E15D15_C,Taurine,16143326,G2
170706_Smp_S3E15E15_Ds,Taurine,2150340,G2
170706_Smp_S4E16D15_A,Taurine,23757492,G2
170706_Smp_S4E16D15_B,Taurine,16994394,G2
170706_Smp_S4E16D15_C,Taurine,18438486,G2
170706_Smp_S4E16D15_Ds,Taurine,7310418,G2
170706_Smp_S5E28D15_A,Taurine,19324888,G2
170706_Smp_S5E28D15_B,Taurine,22878096,G2
170706_Smp_S5E28D15_C,Taurine,74877712,G2
170706_Smp_S5E28D15_Ds,Taurine,11004164,G2
170706_Smp_S6E37D15_A,Taurine,634474176,G2
170706_Smp_S6E37D15_B,Taurine,550313152,G2
170706_Smp_S6E37D15_C,Taurine,439980576,G2
170706_Smp_S6E37D15_Ds,Taurine,59192744,G2
170706_Std_4uM-StdsInH2O_1,Isethionic acid,335912736,G2
170706_Std_4uM-StdsInH2O_2,Isethionic acid,532418304,G2
170706_Std_4uM-StdsInH2O_3,Isethionic acid,621433024,G2
170706_Std_4uM-StdsInH2O_4,Isethionic acid,565464448,G2
170706_Std_4uM-StdsInH2O_5,Isethionic acid,1066439488,G2
170706_Std_4uM-StdsInH2O_6,Isethionic acid,1284381056,G2
170706_Std_4uM-StdsInAqMatrix_1,Isethionic acid,879739712,G2
170706_Std_4uM-StdsInAqMatrix_2,Isethionic acid,983313536,G2
170706_Std_4uM-StdsInAqMatrix_3,Isethionic acid,1132289280,G2
170706_Std_4uM-StdsInAqMatrix_4,Isethionic acid,1212736128,G2
170706_Std_4uM-StdsInAqMatrix_5,Isethionic acid,1455743872,G2
170706_Blk_Blk0p2_1,Isethionic acid,4498919,G2
170706_Blk_Blk0p2_2,Isethionic acid,12294194,G2
170706_Blk_BlkMQ_1,Isethionic acid,4395931,G2
170706_Blk_BlkMQ_3,Isethionic acid,6532233,G2
170706_Blk_MQBlk_2,Isethionic acid,3580776,G2
170706_Poo_TruePoo_Full1,Isethionic acid,490003488,G2
170706_Poo_TruePoo_Full2,Isethionic acid,570127872,G2
170706_Poo_TruePoo_Full3,Isethionic acid,647809536,G2
170706_Poo_TruePoo_Full4,Isethionic acid,738673152,G2
170706_Poo_TruePoo_Full5,Isethionic acid,997907072,G2
170706_Poo_TruePoo_Full6,Isethionic acid,1051421312,G2
170706_Poo_TruePoo_Full7,Isethionic acid,1166608896,G2
170706_Poo_TruePoo_Half1,Isethionic acid,272279616,G2
170706_Poo_TruePoo_Half2,Isethionic acid,307032704,G2
170706_Poo_TruePoo_Half3,Isethionic acid,317913504,G2
170706_Poo_TruePoo_Half4,Isethionic acid,391955904,G2
170706_Poo_TruePoo_Half5,Isethionic acid,578414080,G2
170706_Poo_TruePoo_Half6,Isethionic acid,599484352,G2
170706_Poo_TruePoo_Half7,Isethionic acid,695625088,G2
170706_Smp_S3E15D15_A,Isethionic acid,323505056,G2
170706_Smp_S3E15D15_B,Isethionic acid,91072040,G2
170706_Smp_S3E15D15_C,Isethionic acid,250839888,G2
170706_Smp_S3E15E15_Ds,Isethionic acid,48482800,G2
170706_Smp_S4E16D15_A,Isethionic acid,100024216,G2
170706_Smp_S4E16D15_B,Isethionic acid,214195728,G2
170706_Smp_S4E16D15_C,Isethionic acid,111564800,G2
170706_Smp_S4E16D15_Ds,Isethionic acid,65967016,G2
170706_Smp_S5E28D15_A,Isethionic acid,199528160,G2
170706_Smp_S5E28D15_B,Isethionic acid,236345376,G2
170706_Smp_S5E28D15_C,Isethionic acid,208245552,G2
170706_Smp_S5E28D15_Ds,Isethionic acid,89469000,G2
170706_Smp_S6E37D15_A,Isethionic acid,1779506560,G2
170706_Smp_S6E37D15_B,Isethionic acid,1687284736,G2
170706_Smp_S6E37D15_C,Isethionic acid,2312913664,G2
170706_Smp_S6E37D15_Ds,Isethionic acid,725135360,G2
170706_Std_4uM-StdsInH2O_1,"(R)-2,3-Dihydroxypropane-1-sulfonate",261994032,G2
170706_Std_4uM-StdsInH2O_2,"(R)-2,3-Dihydroxypropane-1-sulfonate",483889792,G2
170706_Std_4uM-StdsInH2O_3,"(R)-2,3-Dihydroxypropane-1-sulfonate",573845632,G2
170706_Std_4uM-StdsInH2O_4,"(R)-2,3-Dihydroxypropane-1-sulfonate",327214848,G2
170706_Std_4uM-StdsInH2O_5,"(R)-2,3-Dihydroxypropane-1-sulfonate",785569152,G2
170706_Std_4uM-StdsInH2O_6,"(R)-2,3-Dihydroxypropane-1-sulfonate",1003272448,G2
170706_Std_4uM-StdsInAqMatrix_1,"(R)-2,3-Dihydroxypropane-1-sulfonate",182191744,G2
170706_Std_4uM-StdsInAqMatrix_2,"(R)-2,3-Dihydroxypropane-1-sulfonate",234243824,G2
170706_Std_4uM-StdsInAqMatrix_3,"(R)-2,3-Dihydroxypropane-1-sulfonate",264331056,G2
170706_Std_4uM-StdsInAqMatrix_4,"(R)-2,3-Dihydroxypropane-1-sulfonate",245444160,G2
170706_Std_4uM-StdsInAqMatrix_5,"(R)-2,3-Dihydroxypropane-1-sulfonate",322656288,G2
170706_Blk_Blk0p2_1,"(R)-2,3-Dihydroxypropane-1-sulfonate",0,G2
170706_Blk_Blk0p2_2,"(R)-2,3-Dihydroxypropane-1-sulfonate",385094,G2
170706_Blk_BlkMQ_1,"(R)-2,3-Dihydroxypropane-1-sulfonate",0,G2
170706_Blk_BlkMQ_3,"(R)-2,3-Dihydroxypropane-1-sulfonate",0,G2
170706_Blk_MQBlk_2,"(R)-2,3-Dihydroxypropane-1-sulfonate",0,G2
170706_Poo_TruePoo_Full1,"(R)-2,3-Dihydroxypropane-1-sulfonate",294695392,G2
170706_Poo_TruePoo_Full2,"(R)-2,3-Dihydroxypropane-1-sulfonate",90767896,G2
170706_Poo_TruePoo_Full3,"(R)-2,3-Dihydroxypropane-1-sulfonate",106762688,G2
170706_Poo_TruePoo_Full4,"(R)-2,3-Dihydroxypropane-1-sulfonate",122909800,G2
170706_Poo_TruePoo_Full5,"(R)-2,3-Dihydroxypropane-1-sulfonate",196789328,G2
170706_Poo_TruePoo_Full6,"(R)-2,3-Dihydroxypropane-1-sulfonate",219483776,G2
170706_Poo_TruePoo_Full7,"(R)-2,3-Dihydroxypropane-1-sulfonate",262185136,G2
170706_Poo_TruePoo_Half1,"(R)-2,3-Dihydroxypropane-1-sulfonate",116689784,G2
170706_Poo_TruePoo_Half2,"(R)-2,3-Dihydroxypropane-1-sulfonate",54401120,G2
170706_Poo_TruePoo_Half3,"(R)-2,3-Dihydroxypropane-1-sulfonate",58859520,G2
170706_Poo_TruePoo_Half4,"(R)-2,3-Dihydroxypropane-1-sulfonate",66265200,G2
170706_Poo_TruePoo_Half5,"(R)-2,3-Dihydroxypropane-1-sulfonate",94762488,G2
170706_Poo_TruePoo_Half6,"(R)-2,3-Dihydroxypropane-1-sulfonate",121115776,G2
170706_Poo_TruePoo_Half7,"(R)-2,3-Dihydroxypropane-1-sulfonate",120534952,G2
170706_Smp_S3E15D15_A,"(R)-2,3-Dihydroxypropane-1-sulfonate",54038768,G2
170706_Smp_S3E15D15_B,"(R)-2,3-Dihydroxypropane-1-sulfonate",15474233,G2
170706_Smp_S3E15D15_C,"(R)-2,3-Dihydroxypropane-1-sulfonate",31891212,G2
170706_Smp_S3E15E15_Ds,"(R)-2,3-Dihydroxypropane-1-sulfonate",2547767,G2
170706_Smp_S4E16D15_A,"(R)-2,3-Dihydroxypropane-1-sulfonate",13476708,G2
170706_Smp_S4E16D15_B,"(R)-2,3-Dihydroxypropane-1-sulfonate",34537128,G2
170706_Smp_S4E16D15_C,"(R)-2,3-Dihydroxypropane-1-sulfonate",14820896,G2
170706_Smp_S4E16D15_Ds,"(R)-2,3-Dihydroxypropane-1-sulfonate",5312635,G2
170706_Smp_S5E28D15_A,"(R)-2,3-Dihydroxypropane-1-sulfonate",48262624,G2
170706_Smp_S5E28D15_B,"(R)-2,3-Dihydroxypropane-1-sulfonate",59954348,G2
170706_Smp_S5E28D15_C,"(R)-2,3-Dihydroxypropane-1-sulfonate",182392112,G2
170706_Smp_S5E28D15_Ds,"(R)-2,3-Dihydroxypropane-1-sulfonate",24158222,G2
170706_Smp_S6E37D15_A,"(R)-2,3-Dihydroxypropane-1-sulfonate",739222656,G2
170706_Smp_S6E37D15_B,"(R)-2,3-Dihydroxypropane-1-sulfonate",579304960,G2
170706_Smp_S6E37D15_C,"(R)-2,3-Dihydroxypropane-1-sulfonate",826711168,G2
170706_Smp_S6E37D15_Ds,"(R)-2,3-Dihydroxypropane-1-sulfonate",51269360,G2
170706_Std_4uM-StdsInH2O_1,L-Cysteic acid,25407888,G2
170706_Std_4uM-StdsInH2O_2,L-Cysteic acid,56160780,G2
170706_Std_4uM-StdsInH2O_3,L-Cysteic acid,64600772,G2
170706_Std_4uM-StdsInH2O_4,L-Cysteic acid,31732448,G2
170706_Std_4uM-StdsInH2O_5,L-Cysteic acid,76747680,G2
170706_Std_4uM-StdsInH2O_6,L-Cysteic acid,83012488,G2
170706_Std_4uM-StdsInAqMatrix_1,L-Cysteic acid,24485,G2
170706_Std_4uM-StdsInAqMatrix_2,L-Cysteic acid,NA,G2
170706_Std_4uM-StdsInAqMatrix_3,L-Cysteic acid,NA,G2
170706_Std_4uM-StdsInAqMatrix_4,L-Cysteic acid,40456988,G2
170706_Std_4uM-StdsInAqMatrix_5,L-Cysteic acid,79149232,G2
170706_Blk_Blk0p2_1,L-Cysteic acid,17296,G2
170706_Blk_Blk0p2_2,L-Cysteic acid,21100,G2
170706_Blk_BlkMQ_1,L-Cysteic acid,NA,G2
170706_Blk_BlkMQ_3,L-Cysteic acid,NA,G2
170706_Blk_MQBlk_2,L-Cysteic acid,45553,G2
170706_Poo_TruePoo_Full1,L-Cysteic acid,NA,G2
170706_Poo_TruePoo_Full2,L-Cysteic acid,NA,G2
170706_Poo_TruePoo_Full3,L-Cysteic acid,29123,G2
170706_Poo_TruePoo_Full4,L-Cysteic acid,NA,G2
170706_Poo_TruePoo_Full5,L-Cysteic acid,1865928,G2
170706_Poo_TruePoo_Full6,L-Cysteic acid,NA,G2
170706_Poo_TruePoo_Full7,L-Cysteic acid,2180212,G2
170706_Poo_TruePoo_Half1,L-Cysteic acid,NA,G2
170706_Poo_TruePoo_Half2,L-Cysteic acid,NA,G2
170706_Poo_TruePoo_Half3,L-Cysteic acid,NA,G2
170706_Poo_TruePoo_Half4,L-Cysteic acid,620790,G2
170706_Poo_TruePoo_Half5,L-Cysteic acid,827509,G2
170706_Poo_TruePoo_Half6,L-Cysteic acid,1042951,G2
170706_Poo_TruePoo_Half7,L-Cysteic acid,1045910,G2
170706_Smp_S3E15D15_A,L-Cysteic acid,24269,G2
170706_Smp_S3E15D15_B,L-Cysteic acid,NA,G2
170706_Smp_S3E15D15_C,L-Cysteic acid,21646,G2
170706_Smp_S3E15E15_Ds,L-Cysteic acid,524290,G2
170706_Smp_S4E16D15_A,L-Cysteic acid,18184,G2
170706_Smp_S4E16D15_B,L-Cysteic acid,1376970,G2
170706_Smp_S4E16D15_C,L-Cysteic acid,20102,G2
170706_Smp_S4E16D15_Ds,L-Cysteic acid,NA,G2
170706_Smp_S5E28D15_A,L-Cysteic acid,16748,G2
170706_Smp_S5E28D15_B,L-Cysteic acid,NA,G2
170706_Smp_S5E28D15_C,L-Cysteic acid,NA,G2
170706_Smp_S5E28D15_Ds,L-Cysteic acid,NA,G2
170706_Smp_S6E37D15_A,L-Cysteic acid,24505,G2
170706_Smp_S6E37D15_B,L-Cysteic acid,15255,G2
170706_Smp_S6E37D15_C,L-Cysteic acid,7042840,G2
170706_Smp_S6E37D15_Ds,L-Cysteic acid,19522,G2
170706_Std_4uM-StdsInH2O_1,Sucrose,49400080,G2
170706_Std_4uM-StdsInH2O_2,Sucrose,73817896,G2
170706_Std_4uM-StdsInH2O_3,Sucrose,88617560,G2
170706_Std_4uM-StdsInH2O_4,Sucrose,74716648,G2
170706_Std_4uM-StdsInH2O_5,Sucrose,122793512,G2
170706_Std_4uM-StdsInH2O_6,Sucrose,151590144,G2
170706_Std_4uM-StdsInAqMatrix_1,Sucrose,35894652,G2
170706_Std_4uM-StdsInAqMatrix_2,Sucrose,62350580,G2
170706_Std_4uM-StdsInAqMatrix_3,Sucrose,77742496,G2
170706_Std_4uM-StdsInAqMatrix_4,Sucrose,48205388,G2
170706_Std_4uM-StdsInAqMatrix_5,Sucrose,123185824,G2
170706_Blk_Blk0p2_1,Sucrose,181350,G2
170706_Blk_Blk0p2_2,Sucrose,1423417,G2
170706_Blk_BlkMQ_1,Sucrose,21482650,G2
170706_Blk_BlkMQ_3,Sucrose,2807032,G2
170706_Blk_MQBlk_2,Sucrose,1185128,G2
170706_Poo_TruePoo_Full1,Sucrose,8937528,G2
170706_Poo_TruePoo_Full2,Sucrose,7641424,G2
170706_Poo_TruePoo_Full3,Sucrose,8491765,G2
170706_Poo_TruePoo_Full4,Sucrose,10696558,G2
170706_Poo_TruePoo_Full5,Sucrose,13974210,G2
170706_Poo_TruePoo_Full6,Sucrose,14791248,G2
170706_Poo_TruePoo_Full7,Sucrose,17348656,G2
170706_Poo_TruePoo_Half1,Sucrose,5010802,G2
170706_Poo_TruePoo_Half2,Sucrose,4426104,G2
170706_Poo_TruePoo_Half3,Sucrose,4830399,G2
170706_Poo_TruePoo_Half4,Sucrose,5692146,G2
170706_Poo_TruePoo_Half5,Sucrose,7318431,G2
170706_Poo_TruePoo_Half6,Sucrose,8437476,G2
170706_Poo_TruePoo_Half7,Sucrose,9371824,G2
170706_Smp_S3E15D15_A,Sucrose,62314084,G2
170706_Smp_S3E15D15_B,Sucrose,18348658,G2
170706_Smp_S3E15D15_C,Sucrose,51522064,G2
170706_Smp_S3E15E15_Ds,Sucrose,37323952,G2
170706_Smp_S4E16D15_A,Sucrose,8795052,G2
170706_Smp_S4E16D15_B,Sucrose,21229178,G2
170706_Smp_S4E16D15_C,Sucrose,8637256,G2
170706_Smp_S4E16D15_Ds,Sucrose,9898134,G2
170706_Smp_S5E28D15_A,Sucrose,7273827,G2
170706_Smp_S5E28D15_B,Sucrose,8718726,G2
170706_Smp_S5E28D15_C,Sucrose,10380981,G2
170706_Smp_S5E28D15_Ds,Sucrose,4565279,G2
170706_Smp_S6E37D15_A,Sucrose,1441893,G2
170706_Smp_S6E37D15_B,Sucrose,1743567,G2
170706_Smp_S6E37D15_C,Sucrose,8014566,G2
170706_Smp_S6E37D15_Ds,Sucrose,368179,G2
170706_Std_4uM-StdsInH2O_1,Trehalose,22268260,G2
170706_Std_4uM-StdsInH2O_2,Trehalose,42980224,G2
170706_Std_4uM-StdsInH2O_3,Trehalose,52344252,G2
170706_Std_4uM-StdsInH2O_4,Trehalose,14291360,G2
170706_Std_4uM-StdsInH2O_5,Trehalose,69963008,G2
170706_Std_4uM-StdsInH2O_6,Trehalose,82348712,G2
170706_Std_4uM-StdsInAqMatrix_1,Trehalose,25137026,G2
170706_Std_4uM-StdsInAqMatrix_2,Trehalose,50842260,G2
170706_Std_4uM-StdsInAqMatrix_3,Trehalose,54435784,G2
170706_Std_4uM-StdsInAqMatrix_4,Trehalose,15662323,G2
170706_Std_4uM-StdsInAqMatrix_5,Trehalose,68088208,G2
170706_Blk_Blk0p2_1,Trehalose,19761,G2
170706_Blk_Blk0p2_2,Trehalose,399915,G2
170706_Blk_BlkMQ_1,Trehalose,17729,G2
170706_Blk_BlkMQ_3,Trehalose,2295503,G2
170706_Blk_MQBlk_2,Trehalose,45320,G2
170706_Poo_TruePoo_Full1,Trehalose,5389377,G2
170706_Poo_TruePoo_Full2,Trehalose,4612944,G2
170706_Poo_TruePoo_Full3,Trehalose,4783553,G2
170706_Poo_TruePoo_Full4,Trehalose,5237253,G2
170706_Poo_TruePoo_Full5,Trehalose,6976215,G2
170706_Poo_TruePoo_Full6,Trehalose,7844207,G2
170706_Poo_TruePoo_Full7,Trehalose,7976871,G2
170706_Poo_TruePoo_Half1,Trehalose,2525019,G2
170706_Poo_TruePoo_Half2,Trehalose,2115302,G2
170706_Poo_TruePoo_Half3,Trehalose,2526212,G2
170706_Poo_TruePoo_Half4,Trehalose,2819825,G2
170706_Poo_TruePoo_Half5,Trehalose,3245169,G2
170706_Poo_TruePoo_Half6,Trehalose,3908586,G2
170706_Poo_TruePoo_Half7,Trehalose,4351925,G2
170706_Smp_S3E15D15_A,Trehalose,3314358,G2
170706_Smp_S3E15D15_B,Trehalose,964043,G2
170706_Smp_S3E15D15_C,Trehalose,2540858,G2
170706_Smp_S3E15E15_Ds,Trehalose,1320506,G2
170706_Smp_S4E16D15_A,Trehalose,2294908,G2
170706_Smp_S4E16D15_B,Trehalose,4019464,G2
170706_Smp_S4E16D15_C,Trehalose,1098628,G2
170706_Smp_S4E16D15_Ds,Trehalose,674861,G2
170706_Smp_S5E28D15_A,Trehalose,2134362,G2
170706_Smp_S5E28D15_B,Trehalose,2416080,G2
170706_Smp_S5E28D15_C,Trehalose,4484540,G2
170706_Smp_S5E28D15_Ds,Trehalose,623528,G2
170706_Smp_S6E37D15_A,Trehalose,17676732,G2
170706_Smp_S6E37D15_B,Trehalose,16407371,G2
170706_Smp_S6E37D15_C,Trehalose,14056559,G2
170706_Smp_S6E37D15_Ds,Trehalose,1042089,G2
