Rep,SampID,replicate,Batch,SizeFrac,Compound,Area,min.area.flag,blk.ratio.flag,smp.remove
170706_Smp_S3E15D15_A,S3E15D15,A,G2,full,Trimethylamine N-oxide,NA,NA,NA,NA
170706_Smp_S3E15D15_A,S3E15D15,A,G2,full,beta-Alanine,2886781,NA,NA,NA
170706_Smp_S3E15D15_A,S3E15D15,A,G2,full,L-Alanine,1037000,NA,NA,NA
170706_Smp_S3E15D15_A,S3E15D15,A,G2,full,Sarcosine,956098,NA,NA,NA
170706_Smp_S3E15D15_A,S3E15D15,A,G2,full,L-Serine,48383,NA,Flag,Smp_Remove
170706_Smp_S3E15D15_A,S3E15D15,A,G2,full,L-Proline,38238556,NA,NA,NA
170706_Smp_S3E15D15_A,S3E15D15,A,G2,full,Glycine betaine,5976833536,NA,NA,NA
170706_Smp_S3E15D15_A,S3E15D15,A,G2,full,L-Threonine,373004,NA,NA,NA
170706_Smp_S3E15D15_A,S3E15D15,A,G2,full,Dimethylsulfonioacetate,400646144,NA,NA,NA
170706_Smp_S3E15D15_A,S3E15D15,A,G2,full,beta-Alaninebetaine,929795712,NA,NA,NA
170706_Smp_S3E15D15_A,S3E15D15,A,G2,full,L-Isoleucine,279445824,NA,NA,NA
170706_Smp_S3E15D15_A,S3E15D15,A,G2,full,L-Asparagine,1110584,NA,NA,NA
170706_Smp_S3E15D15_A,S3E15D15,A,G2,full,L-Aspartic acid,2221292,NA,NA,NA
170706_Smp_S3E15D15_A,S3E15D15,A,G2,full,Dimethylsulfoniopropionate,6092083712,NA,NA,NA
170706_Smp_S3E15D15_A,S3E15D15,A,G2,full,Homarine,371331488,NA,NA,NA
170706_Smp_S3E15D15_A,S3E15D15,A,G2,full,Trigonelline,389005504,NA,NA,NA
170706_Smp_S3E15D15_A,S3E15D15,A,G2,full,Ectoine,40040504,NA,NA,NA
170706_Smp_S3E15D15_A,S3E15D15,A,G2,full,Proline betaine,173402464,NA,NA,NA
170706_Smp_S3E15D15_A,S3E15D15,A,G2,full,(3-Carboxypropyl)trimethylammonium,121604088,NA,NA,NA
170706_Smp_S3E15D15_A,S3E15D15,A,G2,full,L-Glutamine,80703824,NA,NA,NA
170706_Smp_S3E15D15_A,S3E15D15,A,G2,full,L-Lysine,1978905,NA,NA,NA
170706_Smp_S3E15D15_A,S3E15D15,A,G2,full,beta-Glutamic acid,755005,NA,NA,NA
170706_Smp_S3E15D15_A,S3E15D15,A,G2,full,L-Glutamic acid,50660152,NA,NA,NA
170706_Smp_S3E15D15_A,S3E15D15,A,G2,full,Hydroxyisoleucine,139972752,NA,NA,NA
170706_Smp_S3E15D15_A,S3E15D15,A,G2,full,L-Methionine,3207621,NA,NA,NA
170706_Smp_S3E15D15_A,S3E15D15,A,G2,full,5-Hydroxyectoine,3603481,NA,NA,NA
170706_Smp_S3E15D15_A,S3E15D15,A,G2,full,Betonicine,171291440,NA,NA,NA
170706_Smp_S3E15D15_A,S3E15D15,A,G2,full,Carnitine,139185424,NA,NA,NA
170706_Smp_S3E15D15_A,S3E15D15,A,G2,full,L-Arginine,8797225,NA,NA,NA
170706_Smp_S3E15D15_A,S3E15D15,A,G2,full,Arsenobetaine,16144303,NA,NA,NA
170706_Smp_S3E15D15_A,S3E15D15,A,G2,full,Gonyol,137496304,NA,NA,NA
170706_Smp_S3E15D15_A,S3E15D15,A,G2,full,L-Tyrosine,7686230,NA,NA,NA
170706_Smp_S3E15D15_A,S3E15D15,A,G2,full,2-O-alpha-D-Glucosylglycerol,75935,NA,NA,NA
170706_Smp_S3E15D15_A,S3E15D15,A,G2,full,Threonine Betaine (tentative),82920344,NA,NA,NA
170706_Smp_S3E15D15_A,S3E15D15,A,G2,full,Homoserine Betaine (tentative),387416384,NA,NA,NA
170706_Smp_S3E15D15_A,S3E15D15,A,G2,full,Taurine,34479660,NA,NA,NA
170706_Smp_S3E15D15_A,S3E15D15,A,G2,full,Isethionic acid,323505056,NA,NA,NA
170706_Smp_S3E15D15_A,S3E15D15,A,G2,full,"(R)-2,3-Dihydroxypropane-1-sulfonate",54038768,NA,NA,NA
170706_Smp_S3E15D15_A,S3E15D15,A,G2,full,L-Cysteic acid,9599,Flag,Flag,Smp_Remove
170706_Smp_S3E15D15_A,S3E15D15,A,G2,full,Sucrose,62314084,NA,NA,NA
170706_Smp_S3E15D15_A,S3E15D15,A,G2,full,Trehalose,3314358,NA,NA,NA
170706_Smp_S3E15D15_B,S3E15D15,B,G2,full,Trimethylamine N-oxide,NA,NA,NA,NA
170706_Smp_S3E15D15_B,S3E15D15,B,G2,full,beta-Alanine,1259433,NA,NA,NA
170706_Smp_S3E15D15_B,S3E15D15,B,G2,full,L-Alanine,1146461,NA,NA,NA
170706_Smp_S3E15D15_B,S3E15D15,B,G2,full,Sarcosine,829828,NA,NA,NA
170706_Smp_S3E15D15_B,S3E15D15,B,G2,full,L-Serine,48383,NA,Flag,Smp_Remove
170706_Smp_S3E15D15_B,S3E15D15,B,G2,full,L-Proline,30047394,NA,NA,NA
170706_Smp_S3E15D15_B,S3E15D15,B,G2,full,Glycine betaine,2963163648,NA,NA,NA
170706_Smp_S3E15D15_B,S3E15D15,B,G2,full,L-Threonine,338620,NA,NA,NA
170706_Smp_S3E15D15_B,S3E15D15,B,G2,full,Dimethylsulfonioacetate,172560048,NA,NA,NA
170706_Smp_S3E15D15_B,S3E15D15,B,G2,full,beta-Alaninebetaine,436872544,NA,NA,NA
170706_Smp_S3E15D15_B,S3E15D15,B,G2,full,L-Isoleucine,132299040,NA,NA,NA
170706_Smp_S3E15D15_B,S3E15D15,B,G2,full,L-Asparagine,692730,NA,NA,NA
170706_Smp_S3E15D15_B,S3E15D15,B,G2,full,L-Aspartic acid,1516106,NA,NA,NA
170706_Smp_S3E15D15_B,S3E15D15,B,G2,full,Dimethylsulfoniopropionate,1618461568,NA,NA,NA
170706_Smp_S3E15D15_B,S3E15D15,B,G2,full,Homarine,204781104,NA,NA,NA
170706_Smp_S3E15D15_B,S3E15D15,B,G2,full,Trigonelline,206641280,NA,NA,NA
170706_Smp_S3E15D15_B,S3E15D15,B,G2,full,Ectoine,31522282,NA,NA,NA
170706_Smp_S3E15D15_B,S3E15D15,B,G2,full,Proline betaine,91007920,NA,NA,NA
170706_Smp_S3E15D15_B,S3E15D15,B,G2,full,(3-Carboxypropyl)trimethylammonium,60628372,NA,NA,NA
170706_Smp_S3E15D15_B,S3E15D15,B,G2,full,L-Glutamine,80586744,NA,NA,NA
170706_Smp_S3E15D15_B,S3E15D15,B,G2,full,L-Lysine,1129296,NA,NA,NA
170706_Smp_S3E15D15_B,S3E15D15,B,G2,full,beta-Glutamic acid,666540,NA,NA,NA
170706_Smp_S3E15D15_B,S3E15D15,B,G2,full,L-Glutamic acid,35223204,NA,NA,NA
170706_Smp_S3E15D15_B,S3E15D15,B,G2,full,Hydroxyisoleucine,81393456,NA,NA,NA
170706_Smp_S3E15D15_B,S3E15D15,B,G2,full,L-Methionine,1905415,NA,NA,NA
170706_Smp_S3E15D15_B,S3E15D15,B,G2,full,5-Hydroxyectoine,3014636,NA,NA,NA
170706_Smp_S3E15D15_B,S3E15D15,B,G2,full,Betonicine,74463592,NA,NA,NA
170706_Smp_S3E15D15_B,S3E15D15,B,G2,full,Carnitine,86405336,NA,NA,NA
170706_Smp_S3E15D15_B,S3E15D15,B,G2,full,L-Arginine,5883944,NA,NA,NA
170706_Smp_S3E15D15_B,S3E15D15,B,G2,full,Arsenobetaine,9302572,NA,NA,NA
170706_Smp_S3E15D15_B,S3E15D15,B,G2,full,Gonyol,83082968,NA,NA,NA
170706_Smp_S3E15D15_B,S3E15D15,B,G2,full,L-Tyrosine,4523834,NA,NA,NA
170706_Smp_S3E15D15_B,S3E15D15,B,G2,full,2-O-alpha-D-Glucosylglycerol,47739,NA,NA,NA
170706_Smp_S3E15D15_B,S3E15D15,B,G2,full,Threonine Betaine (tentative),54466436,NA,NA,NA
170706_Smp_S3E15D15_B,S3E15D15,B,G2,full,Homoserine Betaine (tentative),261450832,NA,NA,NA
170706_Smp_S3E15D15_B,S3E15D15,B,G2,full,Taurine,22315446,NA,NA,NA
170706_Smp_S3E15D15_B,S3E15D15,B,G2,full,Isethionic acid,91072040,NA,NA,NA
170706_Smp_S3E15D15_B,S3E15D15,B,G2,full,"(R)-2,3-Dihydroxypropane-1-sulfonate",15474233,NA,NA,NA
170706_Smp_S3E15D15_B,S3E15D15,B,G2,full,L-Cysteic acid,NA,NA,NA,NA
170706_Smp_S3E15D15_B,S3E15D15,B,G2,full,Sucrose,18348658,NA,NA,NA
170706_Smp_S3E15D15_B,S3E15D15,B,G2,full,Trehalose,964043,NA,NA,NA
170706_Smp_S3E15D15_C,S3E15D15,C,G2,full,Trimethylamine N-oxide,NA,NA,NA,NA
170706_Smp_S3E15D15_C,S3E15D15,C,G2,full,beta-Alanine,1837991,NA,NA,NA
170706_Smp_S3E15D15_C,S3E15D15,C,G2,full,L-Alanine,591199,NA,NA,NA
170706_Smp_S3E15D15_C,S3E15D15,C,G2,full,Sarcosine,742713,NA,NA,NA
170706_Smp_S3E15D15_C,S3E15D15,C,G2,full,L-Serine,48383,NA,Flag,Smp_Remove
170706_Smp_S3E15D15_C,S3E15D15,C,G2,full,L-Proline,31735034,NA,NA,NA
170706_Smp_S3E15D15_C,S3E15D15,C,G2,full,Glycine betaine,4443326464,NA,NA,NA
170706_Smp_S3E15D15_C,S3E15D15,C,G2,full,L-Threonine,28658.25,NA,Flag,NA
170706_Smp_S3E15D15_C,S3E15D15,C,G2,full,Dimethylsulfonioacetate,194551424,NA,NA,NA
170706_Smp_S3E15D15_C,S3E15D15,C,G2,full,beta-Alaninebetaine,710387712,NA,NA,NA
170706_Smp_S3E15D15_C,S3E15D15,C,G2,full,L-Isoleucine,198052608,NA,NA,NA
170706_Smp_S3E15D15_C,S3E15D15,C,G2,full,L-Asparagine,770354,NA,NA,NA
170706_Smp_S3E15D15_C,S3E15D15,C,G2,full,L-Aspartic acid,1769851,NA,NA,NA
170706_Smp_S3E15D15_C,S3E15D15,C,G2,full,Dimethylsulfoniopropionate,2136444672,NA,NA,NA
170706_Smp_S3E15D15_C,S3E15D15,C,G2,full,Homarine,331482944,NA,NA,NA
170706_Smp_S3E15D15_C,S3E15D15,C,G2,full,Trigonelline,291213984,NA,NA,NA
170706_Smp_S3E15D15_C,S3E15D15,C,G2,full,Ectoine,43384392,NA,NA,NA
170706_Smp_S3E15D15_C,S3E15D15,C,G2,full,Proline betaine,138514880,NA,NA,NA
170706_Smp_S3E15D15_C,S3E15D15,C,G2,full,(3-Carboxypropyl)trimethylammonium,82856360,NA,NA,NA
170706_Smp_S3E15D15_C,S3E15D15,C,G2,full,L-Glutamine,59048768,NA,NA,NA
170706_Smp_S3E15D15_C,S3E15D15,C,G2,full,L-Lysine,1978051,NA,NA,NA
170706_Smp_S3E15D15_C,S3E15D15,C,G2,full,beta-Glutamic acid,680972,NA,NA,NA
170706_Smp_S3E15D15_C,S3E15D15,C,G2,full,L-Glutamic acid,46526260,NA,NA,NA
170706_Smp_S3E15D15_C,S3E15D15,C,G2,full,Hydroxyisoleucine,140572288,NA,NA,NA
170706_Smp_S3E15D15_C,S3E15D15,C,G2,full,L-Methionine,2721345,NA,NA,NA
170706_Smp_S3E15D15_C,S3E15D15,C,G2,full,5-Hydroxyectoine,4700825,NA,NA,NA
170706_Smp_S3E15D15_C,S3E15D15,C,G2,full,Betonicine,110242696,NA,NA,NA
170706_Smp_S3E15D15_C,S3E15D15,C,G2,full,Carnitine,120260864,NA,NA,NA
170706_Smp_S3E15D15_C,S3E15D15,C,G2,full,L-Arginine,7741322,NA,NA,NA
170706_Smp_S3E15D15_C,S3E15D15,C,G2,full,Arsenobetaine,13586331,NA,NA,NA
170706_Smp_S3E15D15_C,S3E15D15,C,G2,full,Gonyol,71758576,NA,NA,NA
170706_Smp_S3E15D15_C,S3E15D15,C,G2,full,L-Tyrosine,6126111,NA,NA,NA
170706_Smp_S3E15D15_C,S3E15D15,C,G2,full,2-O-alpha-D-Glucosylglycerol,0,Flag,NA,NA
170706_Smp_S3E15D15_C,S3E15D15,C,G2,full,Threonine Betaine (tentative),99195656,NA,NA,NA
170706_Smp_S3E15D15_C,S3E15D15,C,G2,full,Homoserine Betaine (tentative),373992544,NA,NA,NA
170706_Smp_S3E15D15_C,S3E15D15,C,G2,full,Taurine,16143326,NA,NA,NA
170706_Smp_S3E15D15_C,S3E15D15,C,G2,full,Isethionic acid,250839888,NA,NA,NA
170706_Smp_S3E15D15_C,S3E15D15,C,G2,full,"(R)-2,3-Dihydroxypropane-1-sulfonate",31891212,NA,NA,NA
170706_Smp_S3E15D15_C,S3E15D15,C,G2,full,L-Cysteic acid,9599,Flag,Flag,Smp_Remove
170706_Smp_S3E15D15_C,S3E15D15,C,G2,full,Sucrose,51522064,NA,NA,NA
170706_Smp_S3E15D15_C,S3E15D15,C,G2,full,Trehalose,2540858,NA,NA,NA
170706_Smp_S3E15E15_Ds,S3E15E15,Ds,G2,small,Trimethylamine N-oxide,NA,NA,NA,NA
170706_Smp_S3E15E15_Ds,S3E15E15,Ds,G2,small,beta-Alanine,627372,NA,NA,NA
170706_Smp_S3E15E15_Ds,S3E15E15,Ds,G2,small,L-Alanine,488396,NA,NA,NA
170706_Smp_S3E15E15_Ds,S3E15E15,Ds,G2,small,Sarcosine,19782.25,NA,Flag,Smp_Remove
170706_Smp_S3E15E15_Ds,S3E15E15,Ds,G2,small,L-Serine,48383,NA,Flag,Smp_Remove
170706_Smp_S3E15E15_Ds,S3E15E15,Ds,G2,small,L-Proline,8690877,NA,NA,NA
170706_Smp_S3E15E15_Ds,S3E15E15,Ds,G2,small,Glycine betaine,1173682560,NA,NA,NA
170706_Smp_S3E15E15_Ds,S3E15E15,Ds,G2,small,L-Threonine,28658.25,NA,Flag,Smp_Remove
170706_Smp_S3E15E15_Ds,S3E15E15,Ds,G2,small,Dimethylsulfonioacetate,40224580,NA,NA,NA
170706_Smp_S3E15E15_Ds,S3E15E15,Ds,G2,small,beta-Alaninebetaine,224022864,NA,NA,NA
170706_Smp_S3E15E15_Ds,S3E15E15,Ds,G2,small,L-Isoleucine,110022312,NA,NA,NA
170706_Smp_S3E15E15_Ds,S3E15E15,Ds,G2,small,L-Asparagine,387764,NA,NA,NA
170706_Smp_S3E15E15_Ds,S3E15E15,Ds,G2,small,L-Aspartic acid,1326972,NA,NA,NA
170706_Smp_S3E15E15_Ds,S3E15E15,Ds,G2,small,Dimethylsulfoniopropionate,248294640,NA,NA,NA
170706_Smp_S3E15E15_Ds,S3E15E15,Ds,G2,small,Homarine,39996116,NA,NA,NA
170706_Smp_S3E15E15_Ds,S3E15E15,Ds,G2,small,Trigonelline,135421712,NA,NA,NA
170706_Smp_S3E15E15_Ds,S3E15E15,Ds,G2,small,Ectoine,23872294,NA,NA,NA
170706_Smp_S3E15E15_Ds,S3E15E15,Ds,G2,small,Proline betaine,69553696,NA,NA,NA
170706_Smp_S3E15E15_Ds,S3E15E15,Ds,G2,small,(3-Carboxypropyl)trimethylammonium,22917540,NA,NA,NA
170706_Smp_S3E15E15_Ds,S3E15E15,Ds,G2,small,L-Glutamine,77605632,NA,NA,NA
170706_Smp_S3E15E15_Ds,S3E15E15,Ds,G2,small,L-Lysine,972018,NA,NA,NA
170706_Smp_S3E15E15_Ds,S3E15E15,Ds,G2,small,beta-Glutamic acid,462686,NA,NA,NA
170706_Smp_S3E15E15_Ds,S3E15E15,Ds,G2,small,L-Glutamic acid,26443258,NA,NA,NA
170706_Smp_S3E15E15_Ds,S3E15E15,Ds,G2,small,Hydroxyisoleucine,66414608,NA,NA,NA
170706_Smp_S3E15E15_Ds,S3E15E15,Ds,G2,small,L-Methionine,106752,NA,NA,NA
170706_Smp_S3E15E15_Ds,S3E15E15,Ds,G2,small,5-Hydroxyectoine,2888871,NA,NA,NA
170706_Smp_S3E15E15_Ds,S3E15E15,Ds,G2,small,Betonicine,47497088,NA,NA,NA
170706_Smp_S3E15E15_Ds,S3E15E15,Ds,G2,small,Carnitine,62080512,NA,NA,NA
170706_Smp_S3E15E15_Ds,S3E15E15,Ds,G2,small,L-Arginine,1676531,NA,NA,NA
170706_Smp_S3E15E15_Ds,S3E15E15,Ds,G2,small,Arsenobetaine,7929709,NA,NA,NA
170706_Smp_S3E15E15_Ds,S3E15E15,Ds,G2,small,Gonyol,10959135,NA,NA,NA
170706_Smp_S3E15E15_Ds,S3E15E15,Ds,G2,small,L-Tyrosine,2389926,NA,NA,NA
170706_Smp_S3E15E15_Ds,S3E15E15,Ds,G2,small,2-O-alpha-D-Glucosylglycerol,0,Flag,Flag,Smp_Remove
170706_Smp_S3E15E15_Ds,S3E15E15,Ds,G2,small,Threonine Betaine (tentative),47160264,NA,NA,NA
170706_Smp_S3E15E15_Ds,S3E15E15,Ds,G2,small,Homoserine Betaine (tentative),134644368,NA,NA,NA
170706_Smp_S3E15E15_Ds,S3E15E15,Ds,G2,small,Taurine,2150340,NA,NA,NA
170706_Smp_S3E15E15_Ds,S3E15E15,Ds,G2,small,Isethionic acid,48482800,NA,NA,NA
170706_Smp_S3E15E15_Ds,S3E15E15,Ds,G2,small,"(R)-2,3-Dihydroxypropane-1-sulfonate",2547767,NA,NA,NA
170706_Smp_S3E15E15_Ds,S3E15E15,Ds,G2,small,L-Cysteic acid,524290,NA,NA,NA
170706_Smp_S3E15E15_Ds,S3E15E15,Ds,G2,small,Sucrose,37323952,NA,NA,NA
170706_Smp_S3E15E15_Ds,S3E15E15,Ds,G2,small,Trehalose,1320506,NA,NA,NA
170706_Smp_S4E16D15_A,S4E16D15,A,G2,full,Trimethylamine N-oxide,NA,NA,NA,NA
170706_Smp_S4E16D15_A,S4E16D15,A,G2,full,beta-Alanine,2083747,NA,NA,NA
170706_Smp_S4E16D15_A,S4E16D15,A,G2,full,L-Alanine,1338321,NA,NA,NA
170706_Smp_S4E16D15_A,S4E16D15,A,G2,full,Sarcosine,485821,NA,NA,NA
170706_Smp_S4E16D15_A,S4E16D15,A,G2,full,L-Serine,48383,NA,Flag,Smp_Remove
170706_Smp_S4E16D15_A,S4E16D15,A,G2,full,L-Proline,23523358,NA,NA,NA
170706_Smp_S4E16D15_A,S4E16D15,A,G2,full,Glycine betaine,3383257088,NA,NA,NA
170706_Smp_S4E16D15_A,S4E16D15,A,G2,full,L-Threonine,350935,NA,NA,NA
170706_Smp_S4E16D15_A,S4E16D15,A,G2,full,Dimethylsulfonioacetate,362665184,NA,NA,NA
170706_Smp_S4E16D15_A,S4E16D15,A,G2,full,beta-Alaninebetaine,511809536,NA,NA,NA
170706_Smp_S4E16D15_A,S4E16D15,A,G2,full,L-Isoleucine,84413192,NA,NA,NA
170706_Smp_S4E16D15_A,S4E16D15,A,G2,full,L-Asparagine,601539,NA,NA,NA
170706_Smp_S4E16D15_A,S4E16D15,A,G2,full,L-Aspartic acid,702486,NA,NA,NA
170706_Smp_S4E16D15_A,S4E16D15,A,G2,full,Dimethylsulfoniopropionate,2391332864,NA,NA,NA
170706_Smp_S4E16D15_A,S4E16D15,A,G2,full,Homarine,195792528,NA,NA,NA
170706_Smp_S4E16D15_A,S4E16D15,A,G2,full,Trigonelline,272609056,NA,NA,NA
170706_Smp_S4E16D15_A,S4E16D15,A,G2,full,Ectoine,32734154,NA,NA,NA
170706_Smp_S4E16D15_A,S4E16D15,A,G2,full,Proline betaine,86635472,NA,NA,NA
170706_Smp_S4E16D15_A,S4E16D15,A,G2,full,(3-Carboxypropyl)trimethylammonium,63989516,NA,NA,NA
170706_Smp_S4E16D15_A,S4E16D15,A,G2,full,L-Glutamine,42793288,NA,NA,NA
170706_Smp_S4E16D15_A,S4E16D15,A,G2,full,L-Lysine,1168906,NA,NA,NA
170706_Smp_S4E16D15_A,S4E16D15,A,G2,full,beta-Glutamic acid,757389,NA,NA,NA
170706_Smp_S4E16D15_A,S4E16D15,A,G2,full,L-Glutamic acid,28246986,NA,NA,NA
170706_Smp_S4E16D15_A,S4E16D15,A,G2,full,Hydroxyisoleucine,60880460,NA,NA,NA
170706_Smp_S4E16D15_A,S4E16D15,A,G2,full,L-Methionine,1491202,NA,NA,NA
170706_Smp_S4E16D15_A,S4E16D15,A,G2,full,5-Hydroxyectoine,7703106,NA,NA,NA
170706_Smp_S4E16D15_A,S4E16D15,A,G2,full,Betonicine,70887432,NA,NA,NA
170706_Smp_S4E16D15_A,S4E16D15,A,G2,full,Carnitine,88485656,NA,NA,NA
170706_Smp_S4E16D15_A,S4E16D15,A,G2,full,L-Arginine,4055394,NA,NA,NA
170706_Smp_S4E16D15_A,S4E16D15,A,G2,full,Arsenobetaine,6306989,NA,NA,NA
170706_Smp_S4E16D15_A,S4E16D15,A,G2,full,Gonyol,175234080,NA,NA,NA
170706_Smp_S4E16D15_A,S4E16D15,A,G2,full,L-Tyrosine,3717770,NA,NA,NA
170706_Smp_S4E16D15_A,S4E16D15,A,G2,full,2-O-alpha-D-Glucosylglycerol,54416,NA,NA,NA
170706_Smp_S4E16D15_A,S4E16D15,A,G2,full,Threonine Betaine (tentative),15644325,NA,NA,NA
170706_Smp_S4E16D15_A,S4E16D15,A,G2,full,Homoserine Betaine (tentative),149834432,NA,NA,NA
170706_Smp_S4E16D15_A,S4E16D15,A,G2,full,Taurine,23757492,NA,NA,NA
170706_Smp_S4E16D15_A,S4E16D15,A,G2,full,Isethionic acid,100024216,NA,NA,NA
170706_Smp_S4E16D15_A,S4E16D15,A,G2,full,"(R)-2,3-Dihydroxypropane-1-sulfonate",13476708,NA,NA,NA
170706_Smp_S4E16D15_A,S4E16D15,A,G2,full,L-Cysteic acid,9599,Flag,Flag,Smp_Remove
170706_Smp_S4E16D15_A,S4E16D15,A,G2,full,Sucrose,8795052,NA,NA,NA
170706_Smp_S4E16D15_A,S4E16D15,A,G2,full,Trehalose,2294908,NA,NA,NA
170706_Smp_S4E16D15_B,S4E16D15,B,G2,full,Trimethylamine N-oxide,NA,NA,NA,NA
170706_Smp_S4E16D15_B,S4E16D15,B,G2,full,beta-Alanine,1826563,NA,NA,NA
170706_Smp_S4E16D15_B,S4E16D15,B,G2,full,L-Alanine,625837,NA,NA,NA
170706_Smp_S4E16D15_B,S4E16D15,B,G2,full,Sarcosine,433092,NA,NA,NA
170706_Smp_S4E16D15_B,S4E16D15,B,G2,full,L-Serine,48383,NA,Flag,Smp_Remove
170706_Smp_S4E16D15_B,S4E16D15,B,G2,full,L-Proline,22382572,NA,NA,NA
170706_Smp_S4E16D15_B,S4E16D15,B,G2,full,Glycine betaine,4912871936,NA,NA,NA
170706_Smp_S4E16D15_B,S4E16D15,B,G2,full,L-Threonine,454583,NA,NA,NA
170706_Smp_S4E16D15_B,S4E16D15,B,G2,full,Dimethylsulfonioacetate,397805952,NA,NA,NA
170706_Smp_S4E16D15_B,S4E16D15,B,G2,full,beta-Alaninebetaine,681223808,NA,NA,NA
170706_Smp_S4E16D15_B,S4E16D15,B,G2,full,L-Isoleucine,130700160,NA,NA,NA
170706_Smp_S4E16D15_B,S4E16D15,B,G2,full,L-Asparagine,842829,NA,NA,NA
170706_Smp_S4E16D15_B,S4E16D15,B,G2,full,L-Aspartic acid,944146,NA,NA,NA
170706_Smp_S4E16D15_B,S4E16D15,B,G2,full,Dimethylsulfoniopropionate,2921244672,NA,NA,NA
170706_Smp_S4E16D15_B,S4E16D15,B,G2,full,Homarine,292277408,NA,NA,NA
170706_Smp_S4E16D15_B,S4E16D15,B,G2,full,Trigonelline,392017408,NA,NA,NA
170706_Smp_S4E16D15_B,S4E16D15,B,G2,full,Ectoine,46903588,NA,NA,NA
170706_Smp_S4E16D15_B,S4E16D15,B,G2,full,Proline betaine,125442864,NA,NA,NA
170706_Smp_S4E16D15_B,S4E16D15,B,G2,full,(3-Carboxypropyl)trimethylammonium,90013344,NA,NA,NA
170706_Smp_S4E16D15_B,S4E16D15,B,G2,full,L-Glutamine,42875900,NA,NA,NA
170706_Smp_S4E16D15_B,S4E16D15,B,G2,full,L-Lysine,1765678,NA,NA,NA
170706_Smp_S4E16D15_B,S4E16D15,B,G2,full,beta-Glutamic acid,997971,NA,NA,NA
170706_Smp_S4E16D15_B,S4E16D15,B,G2,full,L-Glutamic acid,36095024,NA,NA,NA
170706_Smp_S4E16D15_B,S4E16D15,B,G2,full,Hydroxyisoleucine,88965728,NA,NA,NA
170706_Smp_S4E16D15_B,S4E16D15,B,G2,full,L-Methionine,1615743,NA,NA,NA
170706_Smp_S4E16D15_B,S4E16D15,B,G2,full,5-Hydroxyectoine,4997156,NA,NA,NA
170706_Smp_S4E16D15_B,S4E16D15,B,G2,full,Betonicine,98067120,NA,NA,NA
170706_Smp_S4E16D15_B,S4E16D15,B,G2,full,Carnitine,121862008,NA,NA,NA
170706_Smp_S4E16D15_B,S4E16D15,B,G2,full,L-Arginine,6003813,NA,NA,NA
170706_Smp_S4E16D15_B,S4E16D15,B,G2,full,Arsenobetaine,9294813,NA,NA,NA
170706_Smp_S4E16D15_B,S4E16D15,B,G2,full,Gonyol,129693040,NA,NA,NA
170706_Smp_S4E16D15_B,S4E16D15,B,G2,full,L-Tyrosine,6222618,NA,NA,NA
170706_Smp_S4E16D15_B,S4E16D15,B,G2,full,2-O-alpha-D-Glucosylglycerol,187222,NA,NA,NA
170706_Smp_S4E16D15_B,S4E16D15,B,G2,full,Threonine Betaine (tentative),24015950,NA,NA,NA
170706_Smp_S4E16D15_B,S4E16D15,B,G2,full,Homoserine Betaine (tentative),214608608,NA,NA,NA
170706_Smp_S4E16D15_B,S4E16D15,B,G2,full,Taurine,16994394,NA,NA,NA
170706_Smp_S4E16D15_B,S4E16D15,B,G2,full,Isethionic acid,214195728,NA,NA,NA
170706_Smp_S4E16D15_B,S4E16D15,B,G2,full,"(R)-2,3-Dihydroxypropane-1-sulfonate",34537128,NA,NA,NA
170706_Smp_S4E16D15_B,S4E16D15,B,G2,full,L-Cysteic acid,1376970,NA,NA,NA
170706_Smp_S4E16D15_B,S4E16D15,B,G2,full,Sucrose,21229178,NA,NA,NA
170706_Smp_S4E16D15_B,S4E16D15,B,G2,full,Trehalose,4019464,NA,NA,NA
170706_Smp_S4E16D15_C,S4E16D15,C,G2,full,Trimethylamine N-oxide,NA,NA,NA,NA
170706_Smp_S4E16D15_C,S4E16D15,C,G2,full,beta-Alanine,1734894,NA,NA,NA
170706_Smp_S4E16D15_C,S4E16D15,C,G2,full,L-Alanine,1162050,NA,NA,NA
170706_Smp_S4E16D15_C,S4E16D15,C,G2,full,Sarcosine,543638,NA,NA,NA
170706_Smp_S4E16D15_C,S4E16D15,C,G2,full,L-Serine,48383,NA,Flag,Smp_Remove
170706_Smp_S4E16D15_C,S4E16D15,C,G2,full,L-Proline,23204430,NA,NA,NA
170706_Smp_S4E16D15_C,S4E16D15,C,G2,full,Glycine betaine,3331328768,NA,NA,NA
170706_Smp_S4E16D15_C,S4E16D15,C,G2,full,L-Threonine,292450,NA,NA,NA
170706_Smp_S4E16D15_C,S4E16D15,C,G2,full,Dimethylsulfonioacetate,300015488,NA,NA,NA
170706_Smp_S4E16D15_C,S4E16D15,C,G2,full,beta-Alaninebetaine,529860320,NA,NA,NA
170706_Smp_S4E16D15_C,S4E16D15,C,G2,full,L-Isoleucine,88773600,NA,NA,NA
170706_Smp_S4E16D15_C,S4E16D15,C,G2,full,L-Asparagine,675198,NA,NA,NA
170706_Smp_S4E16D15_C,S4E16D15,C,G2,full,L-Aspartic acid,571884,NA,NA,NA
170706_Smp_S4E16D15_C,S4E16D15,C,G2,full,Dimethylsulfoniopropionate,1390913920,NA,NA,NA
170706_Smp_S4E16D15_C,S4E16D15,C,G2,full,Homarine,235700096,NA,NA,NA
170706_Smp_S4E16D15_C,S4E16D15,C,G2,full,Trigonelline,311455296,NA,NA,NA
170706_Smp_S4E16D15_C,S4E16D15,C,G2,full,Ectoine,34171280,NA,NA,NA
170706_Smp_S4E16D15_C,S4E16D15,C,G2,full,Proline betaine,85557664,NA,NA,NA
170706_Smp_S4E16D15_C,S4E16D15,C,G2,full,(3-Carboxypropyl)trimethylammonium,72304944,NA,NA,NA
170706_Smp_S4E16D15_C,S4E16D15,C,G2,full,L-Glutamine,34726300,NA,NA,NA
170706_Smp_S4E16D15_C,S4E16D15,C,G2,full,L-Lysine,1524414,NA,NA,NA
170706_Smp_S4E16D15_C,S4E16D15,C,G2,full,beta-Glutamic acid,659047,NA,NA,NA
170706_Smp_S4E16D15_C,S4E16D15,C,G2,full,L-Glutamic acid,27752138,NA,NA,NA
170706_Smp_S4E16D15_C,S4E16D15,C,G2,full,Hydroxyisoleucine,56956528,NA,NA,NA
170706_Smp_S4E16D15_C,S4E16D15,C,G2,full,L-Methionine,2038900,NA,NA,NA
170706_Smp_S4E16D15_C,S4E16D15,C,G2,full,5-Hydroxyectoine,6393063,NA,NA,NA
170706_Smp_S4E16D15_C,S4E16D15,C,G2,full,Betonicine,63455768,NA,NA,NA
170706_Smp_S4E16D15_C,S4E16D15,C,G2,full,Carnitine,91664408,NA,NA,NA
170706_Smp_S4E16D15_C,S4E16D15,C,G2,full,L-Arginine,4601998,NA,NA,NA
170706_Smp_S4E16D15_C,S4E16D15,C,G2,full,Arsenobetaine,6012062,NA,NA,NA
170706_Smp_S4E16D15_C,S4E16D15,C,G2,full,Gonyol,232740480,NA,NA,NA
170706_Smp_S4E16D15_C,S4E16D15,C,G2,full,L-Tyrosine,3804067,NA,NA,NA
170706_Smp_S4E16D15_C,S4E16D15,C,G2,full,2-O-alpha-D-Glucosylglycerol,0,Flag,NA,NA
170706_Smp_S4E16D15_C,S4E16D15,C,G2,full,Threonine Betaine (tentative),15126118,NA,NA,NA
170706_Smp_S4E16D15_C,S4E16D15,C,G2,full,Homoserine Betaine (tentative),127032592,NA,NA,NA
170706_Smp_S4E16D15_C,S4E16D15,C,G2,full,Taurine,18438486,NA,NA,NA
170706_Smp_S4E16D15_C,S4E16D15,C,G2,full,Isethionic acid,111564800,NA,NA,NA
170706_Smp_S4E16D15_C,S4E16D15,C,G2,full,"(R)-2,3-Dihydroxypropane-1-sulfonate",14820896,NA,NA,NA
170706_Smp_S4E16D15_C,S4E16D15,C,G2,full,L-Cysteic acid,9599,Flag,Flag,Smp_Remove
170706_Smp_S4E16D15_C,S4E16D15,C,G2,full,Sucrose,8637256,NA,NA,NA
170706_Smp_S4E16D15_C,S4E16D15,C,G2,full,Trehalose,1098628,NA,NA,NA
170706_Smp_S4E16D15_Ds,S4E16D15,Ds,G2,small,Trimethylamine N-oxide,NA,NA,NA,NA
170706_Smp_S4E16D15_Ds,S4E16D15,Ds,G2,small,beta-Alanine,914739,NA,NA,NA
170706_Smp_S4E16D15_Ds,S4E16D15,Ds,G2,small,L-Alanine,723775,NA,NA,NA
170706_Smp_S4E16D15_Ds,S4E16D15,Ds,G2,small,Sarcosine,133925,NA,NA,NA
170706_Smp_S4E16D15_Ds,S4E16D15,Ds,G2,small,L-Serine,48383,Flag,Flag,Smp_Remove
170706_Smp_S4E16D15_Ds,S4E16D15,Ds,G2,small,L-Proline,10699296,NA,NA,NA
170706_Smp_S4E16D15_Ds,S4E16D15,Ds,G2,small,Glycine betaine,1590644096,NA,NA,NA
170706_Smp_S4E16D15_Ds,S4E16D15,Ds,G2,small,L-Threonine,28658.25,NA,Flag,Smp_Remove
170706_Smp_S4E16D15_Ds,S4E16D15,Ds,G2,small,Dimethylsulfonioacetate,119729800,NA,NA,NA
170706_Smp_S4E16D15_Ds,S4E16D15,Ds,G2,small,beta-Alaninebetaine,256901616,NA,NA,NA
170706_Smp_S4E16D15_Ds,S4E16D15,Ds,G2,small,L-Isoleucine,83273192,NA,NA,NA
170706_Smp_S4E16D15_Ds,S4E16D15,Ds,G2,small,L-Asparagine,436185,NA,NA,NA
170706_Smp_S4E16D15_Ds,S4E16D15,Ds,G2,small,L-Aspartic acid,651062,NA,NA,NA
170706_Smp_S4E16D15_Ds,S4E16D15,Ds,G2,small,Dimethylsulfoniopropionate,309409408,NA,NA,NA
170706_Smp_S4E16D15_Ds,S4E16D15,Ds,G2,small,Homarine,78005288,NA,NA,NA
170706_Smp_S4E16D15_Ds,S4E16D15,Ds,G2,small,Trigonelline,149210976,NA,NA,NA
170706_Smp_S4E16D15_Ds,S4E16D15,Ds,G2,small,Ectoine,52363016,NA,NA,NA
170706_Smp_S4E16D15_Ds,S4E16D15,Ds,G2,small,Proline betaine,67325208,NA,NA,NA
170706_Smp_S4E16D15_Ds,S4E16D15,Ds,G2,small,(3-Carboxypropyl)trimethylammonium,26304670,NA,NA,NA
170706_Smp_S4E16D15_Ds,S4E16D15,Ds,G2,small,L-Glutamine,45340512,NA,NA,NA
170706_Smp_S4E16D15_Ds,S4E16D15,Ds,G2,small,L-Lysine,668040,NA,NA,NA
170706_Smp_S4E16D15_Ds,S4E16D15,Ds,G2,small,beta-Glutamic acid,795179,NA,NA,NA
170706_Smp_S4E16D15_Ds,S4E16D15,Ds,G2,small,L-Glutamic acid,33890500,NA,NA,NA
170706_Smp_S4E16D15_Ds,S4E16D15,Ds,G2,small,Hydroxyisoleucine,56690096,NA,NA,NA
170706_Smp_S4E16D15_Ds,S4E16D15,Ds,G2,small,L-Methionine,535358,NA,NA,NA
170706_Smp_S4E16D15_Ds,S4E16D15,Ds,G2,small,5-Hydroxyectoine,4272457,NA,NA,NA
170706_Smp_S4E16D15_Ds,S4E16D15,Ds,G2,small,Betonicine,43659876,NA,NA,NA
170706_Smp_S4E16D15_Ds,S4E16D15,Ds,G2,small,Carnitine,64836244,NA,NA,NA
170706_Smp_S4E16D15_Ds,S4E16D15,Ds,G2,small,L-Arginine,1620621,NA,NA,NA
170706_Smp_S4E16D15_Ds,S4E16D15,Ds,G2,small,Arsenobetaine,6134435,NA,NA,NA
170706_Smp_S4E16D15_Ds,S4E16D15,Ds,G2,small,Gonyol,20766706,NA,NA,NA
170706_Smp_S4E16D15_Ds,S4E16D15,Ds,G2,small,L-Tyrosine,2343997,NA,NA,NA
170706_Smp_S4E16D15_Ds,S4E16D15,Ds,G2,small,2-O-alpha-D-Glucosylglycerol,0,Flag,Flag,Smp_Remove
170706_Smp_S4E16D15_Ds,S4E16D15,Ds,G2,small,Threonine Betaine (tentative),12224648,NA,NA,NA
170706_Smp_S4E16D15_Ds,S4E16D15,Ds,G2,small,Homoserine Betaine (tentative),102668800,NA,NA,NA
170706_Smp_S4E16D15_Ds,S4E16D15,Ds,G2,small,Taurine,7310418,NA,NA,NA
170706_Smp_S4E16D15_Ds,S4E16D15,Ds,G2,small,Isethionic acid,65967016,NA,NA,NA
170706_Smp_S4E16D15_Ds,S4E16D15,Ds,G2,small,"(R)-2,3-Dihydroxypropane-1-sulfonate",5312635,NA,NA,NA
170706_Smp_S4E16D15_Ds,S4E16D15,Ds,G2,small,L-Cysteic acid,NA,NA,NA,NA
170706_Smp_S4E16D15_Ds,S4E16D15,Ds,G2,small,Sucrose,9898134,NA,NA,NA
170706_Smp_S4E16D15_Ds,S4E16D15,Ds,G2,small,Trehalose,674861,NA,NA,NA
170706_Smp_S5E28D15_A,S5E28D15,A,G2,full,Trimethylamine N-oxide,NA,NA,NA,NA
170706_Smp_S5E28D15_A,S5E28D15,A,G2,full,beta-Alanine,1902073,NA,NA,NA
170706_Smp_S5E28D15_A,S5E28D15,A,G2,full,L-Alanine,1660865,NA,NA,NA
170706_Smp_S5E28D15_A,S5E28D15,A,G2,full,Sarcosine,420082,NA,NA,NA
170706_Smp_S5E28D15_A,S5E28D15,A,G2,full,L-Serine,48383,NA,Flag,Smp_Remove
170706_Smp_S5E28D15_A,S5E28D15,A,G2,full,L-Proline,35793028,NA,NA,NA
170706_Smp_S5E28D15_A,S5E28D15,A,G2,full,Glycine betaine,4862282240,NA,NA,NA
170706_Smp_S5E28D15_A,S5E28D15,A,G2,full,L-Threonine,867616,NA,NA,NA
170706_Smp_S5E28D15_A,S5E28D15,A,G2,full,Dimethylsulfonioacetate,300604736,NA,NA,NA
170706_Smp_S5E28D15_A,S5E28D15,A,G2,full,beta-Alaninebetaine,440050976,NA,NA,NA
170706_Smp_S5E28D15_A,S5E28D15,A,G2,full,L-Isoleucine,76511656,NA,NA,NA
170706_Smp_S5E28D15_A,S5E28D15,A,G2,full,L-Asparagine,762505,NA,NA,NA
170706_Smp_S5E28D15_A,S5E28D15,A,G2,full,L-Aspartic acid,546329,NA,NA,NA
170706_Smp_S5E28D15_A,S5E28D15,A,G2,full,Dimethylsulfoniopropionate,444711872,NA,NA,NA
170706_Smp_S5E28D15_A,S5E28D15,A,G2,full,Homarine,4249678592,NA,NA,NA
170706_Smp_S5E28D15_A,S5E28D15,A,G2,full,Trigonelline,247321872,NA,NA,NA
170706_Smp_S5E28D15_A,S5E28D15,A,G2,full,Ectoine,29479792,NA,NA,NA
170706_Smp_S5E28D15_A,S5E28D15,A,G2,full,Proline betaine,49461360,NA,NA,NA
170706_Smp_S5E28D15_A,S5E28D15,A,G2,full,(3-Carboxypropyl)trimethylammonium,61754996,NA,NA,NA
170706_Smp_S5E28D15_A,S5E28D15,A,G2,full,L-Glutamine,18033252,NA,NA,NA
170706_Smp_S5E28D15_A,S5E28D15,A,G2,full,L-Lysine,2154349,NA,NA,NA
170706_Smp_S5E28D15_A,S5E28D15,A,G2,full,beta-Glutamic acid,454738,NA,NA,NA
170706_Smp_S5E28D15_A,S5E28D15,A,G2,full,L-Glutamic acid,53345796,NA,NA,NA
170706_Smp_S5E28D15_A,S5E28D15,A,G2,full,Hydroxyisoleucine,51979064,NA,NA,NA
170706_Smp_S5E28D15_A,S5E28D15,A,G2,full,L-Methionine,3238299,NA,NA,NA
170706_Smp_S5E28D15_A,S5E28D15,A,G2,full,5-Hydroxyectoine,6688121,NA,NA,NA
170706_Smp_S5E28D15_A,S5E28D15,A,G2,full,Betonicine,33839720,NA,NA,NA
170706_Smp_S5E28D15_A,S5E28D15,A,G2,full,Carnitine,84529160,NA,NA,NA
170706_Smp_S5E28D15_A,S5E28D15,A,G2,full,L-Arginine,6455993,NA,NA,NA
170706_Smp_S5E28D15_A,S5E28D15,A,G2,full,Arsenobetaine,4142769,NA,NA,NA
170706_Smp_S5E28D15_A,S5E28D15,A,G2,full,Gonyol,52226628,NA,NA,NA
170706_Smp_S5E28D15_A,S5E28D15,A,G2,full,L-Tyrosine,3637767,NA,NA,NA
170706_Smp_S5E28D15_A,S5E28D15,A,G2,full,2-O-alpha-D-Glucosylglycerol,43981,NA,NA,NA
170706_Smp_S5E28D15_A,S5E28D15,A,G2,full,Threonine Betaine (tentative),318038,NA,Flag,Smp_Remove
170706_Smp_S5E28D15_A,S5E28D15,A,G2,full,Homoserine Betaine (tentative),319568352,NA,NA,NA
170706_Smp_S5E28D15_A,S5E28D15,A,G2,full,Taurine,19324888,NA,NA,NA
170706_Smp_S5E28D15_A,S5E28D15,A,G2,full,Isethionic acid,199528160,NA,NA,NA
170706_Smp_S5E28D15_A,S5E28D15,A,G2,full,"(R)-2,3-Dihydroxypropane-1-sulfonate",48262624,NA,NA,NA
170706_Smp_S5E28D15_A,S5E28D15,A,G2,full,L-Cysteic acid,9599,Flag,Flag,NA
170706_Smp_S5E28D15_A,S5E28D15,A,G2,full,Sucrose,7273827,NA,NA,NA
170706_Smp_S5E28D15_A,S5E28D15,A,G2,full,Trehalose,2134362,NA,NA,NA
170706_Smp_S5E28D15_B,S5E28D15,B,G2,full,Trimethylamine N-oxide,NA,NA,NA,NA
170706_Smp_S5E28D15_B,S5E28D15,B,G2,full,beta-Alanine,1638144,NA,NA,NA
170706_Smp_S5E28D15_B,S5E28D15,B,G2,full,L-Alanine,1219739,NA,NA,NA
170706_Smp_S5E28D15_B,S5E28D15,B,G2,full,Sarcosine,258813,NA,NA,NA
170706_Smp_S5E28D15_B,S5E28D15,B,G2,full,L-Serine,48383,NA,Flag,Smp_Remove
170706_Smp_S5E28D15_B,S5E28D15,B,G2,full,L-Proline,35286016,NA,NA,NA
170706_Smp_S5E28D15_B,S5E28D15,B,G2,full,Glycine betaine,4992046080,NA,NA,NA
170706_Smp_S5E28D15_B,S5E28D15,B,G2,full,L-Threonine,1147111,NA,NA,NA
170706_Smp_S5E28D15_B,S5E28D15,B,G2,full,Dimethylsulfonioacetate,323354592,NA,NA,NA
170706_Smp_S5E28D15_B,S5E28D15,B,G2,full,beta-Alaninebetaine,438656000,NA,NA,NA
170706_Smp_S5E28D15_B,S5E28D15,B,G2,full,L-Isoleucine,73791920,NA,NA,NA
170706_Smp_S5E28D15_B,S5E28D15,B,G2,full,L-Asparagine,751474,NA,NA,NA
170706_Smp_S5E28D15_B,S5E28D15,B,G2,full,L-Aspartic acid,351630,NA,NA,NA
170706_Smp_S5E28D15_B,S5E28D15,B,G2,full,Dimethylsulfoniopropionate,897636544,NA,NA,NA
170706_Smp_S5E28D15_B,S5E28D15,B,G2,full,Homarine,4340447232,NA,NA,NA
170706_Smp_S5E28D15_B,S5E28D15,B,G2,full,Trigonelline,292564640,NA,NA,NA
170706_Smp_S5E28D15_B,S5E28D15,B,G2,full,Ectoine,29919570,NA,NA,NA
170706_Smp_S5E28D15_B,S5E28D15,B,G2,full,Proline betaine,50812960,NA,NA,NA
170706_Smp_S5E28D15_B,S5E28D15,B,G2,full,(3-Carboxypropyl)trimethylammonium,57122328,NA,NA,NA
170706_Smp_S5E28D15_B,S5E28D15,B,G2,full,L-Glutamine,12534148,NA,NA,NA
170706_Smp_S5E28D15_B,S5E28D15,B,G2,full,L-Lysine,2091716,NA,NA,NA
170706_Smp_S5E28D15_B,S5E28D15,B,G2,full,beta-Glutamic acid,370306,NA,NA,NA
170706_Smp_S5E28D15_B,S5E28D15,B,G2,full,L-Glutamic acid,47578644,NA,NA,NA
170706_Smp_S5E28D15_B,S5E28D15,B,G2,full,Hydroxyisoleucine,49632440,NA,NA,NA
170706_Smp_S5E28D15_B,S5E28D15,B,G2,full,L-Methionine,3637280,NA,NA,NA
170706_Smp_S5E28D15_B,S5E28D15,B,G2,full,5-Hydroxyectoine,4401553,NA,NA,NA
170706_Smp_S5E28D15_B,S5E28D15,B,G2,full,Betonicine,34398288,NA,NA,NA
170706_Smp_S5E28D15_B,S5E28D15,B,G2,full,Carnitine,75731016,NA,NA,NA
170706_Smp_S5E28D15_B,S5E28D15,B,G2,full,L-Arginine,8227945,NA,NA,NA
170706_Smp_S5E28D15_B,S5E28D15,B,G2,full,Arsenobetaine,4115233,NA,NA,NA
170706_Smp_S5E28D15_B,S5E28D15,B,G2,full,Gonyol,51777760,NA,NA,NA
170706_Smp_S5E28D15_B,S5E28D15,B,G2,full,L-Tyrosine,4449223,NA,NA,NA
170706_Smp_S5E28D15_B,S5E28D15,B,G2,full,2-O-alpha-D-Glucosylglycerol,94977,NA,NA,NA
170706_Smp_S5E28D15_B,S5E28D15,B,G2,full,Threonine Betaine (tentative),318038,NA,Flag,Smp_Remove
170706_Smp_S5E28D15_B,S5E28D15,B,G2,full,Homoserine Betaine (tentative),285643712,NA,NA,NA
170706_Smp_S5E28D15_B,S5E28D15,B,G2,full,Taurine,22878096,NA,NA,NA
170706_Smp_S5E28D15_B,S5E28D15,B,G2,full,Isethionic acid,236345376,NA,NA,NA
170706_Smp_S5E28D15_B,S5E28D15,B,G2,full,"(R)-2,3-Dihydroxypropane-1-sulfonate",59954348,NA,NA,NA
170706_Smp_S5E28D15_B,S5E28D15,B,G2,full,L-Cysteic acid,NA,NA,NA,NA
170706_Smp_S5E28D15_B,S5E28D15,B,G2,full,Sucrose,8718726,NA,NA,NA
170706_Smp_S5E28D15_B,S5E28D15,B,G2,full,Trehalose,2416080,NA,NA,NA
170706_Smp_S5E28D15_C,S5E28D15,C,G2,full,Trimethylamine N-oxide,NA,NA,NA,NA
170706_Smp_S5E28D15_C,S5E28D15,C,G2,full,beta-Alanine,4701780,NA,NA,NA
170706_Smp_S5E28D15_C,S5E28D15,C,G2,full,L-Alanine,5593327,NA,NA,NA
170706_Smp_S5E28D15_C,S5E28D15,C,G2,full,Sarcosine,777823,NA,NA,NA
170706_Smp_S5E28D15_C,S5E28D15,C,G2,full,L-Serine,1087141,NA,NA,NA
170706_Smp_S5E28D15_C,S5E28D15,C,G2,full,L-Proline,101135616,NA,NA,NA
170706_Smp_S5E28D15_C,S5E28D15,C,G2,full,Glycine betaine,6771496448,NA,NA,NA
170706_Smp_S5E28D15_C,S5E28D15,C,G2,full,L-Threonine,2831374,NA,NA,NA
170706_Smp_S5E28D15_C,S5E28D15,C,G2,full,Dimethylsulfonioacetate,592447680,NA,NA,NA
170706_Smp_S5E28D15_C,S5E28D15,C,G2,full,beta-Alaninebetaine,573090752,NA,NA,NA
170706_Smp_S5E28D15_C,S5E28D15,C,G2,full,L-Isoleucine,94222208,NA,NA,NA
170706_Smp_S5E28D15_C,S5E28D15,C,G2,full,L-Asparagine,2834749,NA,NA,NA
170706_Smp_S5E28D15_C,S5E28D15,C,G2,full,L-Aspartic acid,2911384,NA,NA,NA
170706_Smp_S5E28D15_C,S5E28D15,C,G2,full,Dimethylsulfoniopropionate,196958096,NA,NA,NA
170706_Smp_S5E28D15_C,S5E28D15,C,G2,full,Homarine,5306433024,NA,NA,NA
170706_Smp_S5E28D15_C,S5E28D15,C,G2,full,Trigonelline,403700736,NA,NA,NA
170706_Smp_S5E28D15_C,S5E28D15,C,G2,full,Ectoine,51954508,NA,NA,NA
170706_Smp_S5E28D15_C,S5E28D15,C,G2,full,Proline betaine,65511868,NA,NA,NA
170706_Smp_S5E28D15_C,S5E28D15,C,G2,full,(3-Carboxypropyl)trimethylammonium,107395592,NA,NA,NA
170706_Smp_S5E28D15_C,S5E28D15,C,G2,full,L-Glutamine,43753892,NA,NA,NA
170706_Smp_S5E28D15_C,S5E28D15,C,G2,full,L-Lysine,4705624,NA,NA,NA
170706_Smp_S5E28D15_C,S5E28D15,C,G2,full,beta-Glutamic acid,1669289,NA,NA,NA
170706_Smp_S5E28D15_C,S5E28D15,C,G2,full,L-Glutamic acid,150747392,NA,NA,NA
170706_Smp_S5E28D15_C,S5E28D15,C,G2,full,Hydroxyisoleucine,57899912,NA,NA,NA
170706_Smp_S5E28D15_C,S5E28D15,C,G2,full,L-Methionine,6312382,NA,NA,NA
170706_Smp_S5E28D15_C,S5E28D15,C,G2,full,5-Hydroxyectoine,4297005,NA,NA,NA
170706_Smp_S5E28D15_C,S5E28D15,C,G2,full,Betonicine,40962976,NA,NA,NA
170706_Smp_S5E28D15_C,S5E28D15,C,G2,full,Carnitine,108346720,NA,NA,NA
170706_Smp_S5E28D15_C,S5E28D15,C,G2,full,L-Arginine,35223268,NA,NA,NA
170706_Smp_S5E28D15_C,S5E28D15,C,G2,full,Arsenobetaine,4781938,NA,NA,NA
170706_Smp_S5E28D15_C,S5E28D15,C,G2,full,Gonyol,130177408,NA,NA,NA
170706_Smp_S5E28D15_C,S5E28D15,C,G2,full,L-Tyrosine,8755305,NA,NA,NA
170706_Smp_S5E28D15_C,S5E28D15,C,G2,full,2-O-alpha-D-Glucosylglycerol,294369,NA,NA,NA
170706_Smp_S5E28D15_C,S5E28D15,C,G2,full,Threonine Betaine (tentative),318038,NA,Flag,Smp_Remove
170706_Smp_S5E28D15_C,S5E28D15,C,G2,full,Homoserine Betaine (tentative),430098240,NA,NA,NA
170706_Smp_S5E28D15_C,S5E28D15,C,G2,full,Taurine,74877712,NA,NA,NA
170706_Smp_S5E28D15_C,S5E28D15,C,G2,full,Isethionic acid,208245552,NA,NA,NA
170706_Smp_S5E28D15_C,S5E28D15,C,G2,full,"(R)-2,3-Dihydroxypropane-1-sulfonate",182392112,NA,NA,NA
170706_Smp_S5E28D15_C,S5E28D15,C,G2,full,L-Cysteic acid,NA,NA,NA,NA
170706_Smp_S5E28D15_C,S5E28D15,C,G2,full,Sucrose,10380981,NA,NA,NA
170706_Smp_S5E28D15_C,S5E28D15,C,G2,full,Trehalose,4484540,NA,NA,NA
170706_Smp_S5E28D15_Ds,S5E28D15,Ds,G2,small,Trimethylamine N-oxide,NA,NA,NA,NA
170706_Smp_S5E28D15_Ds,S5E28D15,Ds,G2,small,beta-Alanine,540584,NA,NA,NA
170706_Smp_S5E28D15_Ds,S5E28D15,Ds,G2,small,L-Alanine,1113721,NA,NA,NA
170706_Smp_S5E28D15_Ds,S5E28D15,Ds,G2,small,Sarcosine,177561,NA,NA,NA
170706_Smp_S5E28D15_Ds,S5E28D15,Ds,G2,small,L-Serine,48383,NA,Flag,Smp_Remove
170706_Smp_S5E28D15_Ds,S5E28D15,Ds,G2,small,L-Proline,16490603,NA,NA,NA
170706_Smp_S5E28D15_Ds,S5E28D15,Ds,G2,small,Glycine betaine,3264485376,NA,NA,NA
170706_Smp_S5E28D15_Ds,S5E28D15,Ds,G2,small,L-Threonine,240313,NA,NA,NA
170706_Smp_S5E28D15_Ds,S5E28D15,Ds,G2,small,Dimethylsulfonioacetate,53149412,NA,NA,NA
170706_Smp_S5E28D15_Ds,S5E28D15,Ds,G2,small,beta-Alaninebetaine,297067904,NA,NA,NA
170706_Smp_S5E28D15_Ds,S5E28D15,Ds,G2,small,L-Isoleucine,62474872,NA,NA,NA
170706_Smp_S5E28D15_Ds,S5E28D15,Ds,G2,small,L-Asparagine,387264,NA,NA,NA
170706_Smp_S5E28D15_Ds,S5E28D15,Ds,G2,small,L-Aspartic acid,309368,NA,NA,NA
170706_Smp_S5E28D15_Ds,S5E28D15,Ds,G2,small,Dimethylsulfoniopropionate,9715390.75,NA,Flag,Smp_Remove
170706_Smp_S5E28D15_Ds,S5E28D15,Ds,G2,small,Homarine,3807047680,NA,NA,NA
170706_Smp_S5E28D15_Ds,S5E28D15,Ds,G2,small,Trigonelline,74170472,NA,NA,NA
170706_Smp_S5E28D15_Ds,S5E28D15,Ds,G2,small,Ectoine,9652902,NA,NA,NA
170706_Smp_S5E28D15_Ds,S5E28D15,Ds,G2,small,Proline betaine,42828636,NA,NA,NA
170706_Smp_S5E28D15_Ds,S5E28D15,Ds,G2,small,(3-Carboxypropyl)trimethylammonium,37132040,NA,NA,NA
170706_Smp_S5E28D15_Ds,S5E28D15,Ds,G2,small,L-Glutamine,9820413,NA,NA,NA
170706_Smp_S5E28D15_Ds,S5E28D15,Ds,G2,small,L-Lysine,1929207,NA,NA,NA
170706_Smp_S5E28D15_Ds,S5E28D15,Ds,G2,small,beta-Glutamic acid,631106,NA,NA,NA
170706_Smp_S5E28D15_Ds,S5E28D15,Ds,G2,small,L-Glutamic acid,54998740,NA,NA,NA
170706_Smp_S5E28D15_Ds,S5E28D15,Ds,G2,small,Hydroxyisoleucine,42721596,NA,NA,NA
170706_Smp_S5E28D15_Ds,S5E28D15,Ds,G2,small,L-Methionine,1445568,NA,NA,NA
170706_Smp_S5E28D15_Ds,S5E28D15,Ds,G2,small,5-Hydroxyectoine,1045935,NA,NA,NA
170706_Smp_S5E28D15_Ds,S5E28D15,Ds,G2,small,Betonicine,22964980,NA,NA,NA
170706_Smp_S5E28D15_Ds,S5E28D15,Ds,G2,small,Carnitine,59026120,NA,NA,NA
170706_Smp_S5E28D15_Ds,S5E28D15,Ds,G2,small,L-Arginine,3021570,NA,NA,NA
170706_Smp_S5E28D15_Ds,S5E28D15,Ds,G2,small,Arsenobetaine,3851613,NA,NA,NA
170706_Smp_S5E28D15_Ds,S5E28D15,Ds,G2,small,Gonyol,7427013,NA,NA,NA
170706_Smp_S5E28D15_Ds,S5E28D15,Ds,G2,small,L-Tyrosine,1455877,NA,NA,NA
170706_Smp_S5E28D15_Ds,S5E28D15,Ds,G2,small,2-O-alpha-D-Glucosylglycerol,0,Flag,NA,Smp_Remove
170706_Smp_S5E28D15_Ds,S5E28D15,Ds,G2,small,Threonine Betaine (tentative),318038,NA,Flag,Smp_Remove
170706_Smp_S5E28D15_Ds,S5E28D15,Ds,G2,small,Homoserine Betaine (tentative),161058240,NA,NA,NA
170706_Smp_S5E28D15_Ds,S5E28D15,Ds,G2,small,Taurine,11004164,NA,NA,NA
170706_Smp_S5E28D15_Ds,S5E28D15,Ds,G2,small,Isethionic acid,89469000,NA,NA,NA
170706_Smp_S5E28D15_Ds,S5E28D15,Ds,G2,small,"(R)-2,3-Dihydroxypropane-1-sulfonate",24158222,NA,NA,NA
170706_Smp_S5E28D15_Ds,S5E28D15,Ds,G2,small,L-Cysteic acid,NA,NA,NA,NA
170706_Smp_S5E28D15_Ds,S5E28D15,Ds,G2,small,Sucrose,4565279,NA,NA,NA
170706_Smp_S5E28D15_Ds,S5E28D15,Ds,G2,small,Trehalose,104919,NA,Flag,Smp_Remove
170706_Smp_S6E37D15_A,S6E37D15,A,G2,full,Trimethylamine N-oxide,NA,NA,NA,NA
170706_Smp_S6E37D15_A,S6E37D15,A,G2,full,beta-Alanine,37252388,NA,NA,NA
170706_Smp_S6E37D15_A,S6E37D15,A,G2,full,L-Alanine,22306652,NA,NA,NA
170706_Smp_S6E37D15_A,S6E37D15,A,G2,full,Sarcosine,4428404,NA,NA,NA
170706_Smp_S6E37D15_A,S6E37D15,A,G2,full,L-Serine,3202451,NA,NA,NA
170706_Smp_S6E37D15_A,S6E37D15,A,G2,full,L-Proline,538485056,NA,NA,NA
170706_Smp_S6E37D15_A,S6E37D15,A,G2,full,Glycine betaine,28161409024,NA,NA,NA
170706_Smp_S6E37D15_A,S6E37D15,A,G2,full,L-Threonine,5573827,NA,NA,NA
170706_Smp_S6E37D15_A,S6E37D15,A,G2,full,Dimethylsulfonioacetate,4700138496,NA,NA,NA
170706_Smp_S6E37D15_A,S6E37D15,A,G2,full,beta-Alaninebetaine,13495821312,NA,NA,NA
170706_Smp_S6E37D15_A,S6E37D15,A,G2,full,L-Isoleucine,848362880,NA,NA,NA
170706_Smp_S6E37D15_A,S6E37D15,A,G2,full,L-Asparagine,11534623,NA,NA,NA
170706_Smp_S6E37D15_A,S6E37D15,A,G2,full,L-Aspartic acid,5859298,NA,NA,NA
170706_Smp_S6E37D15_A,S6E37D15,A,G2,full,Dimethylsulfoniopropionate,16582791168,NA,NA,NA
170706_Smp_S6E37D15_A,S6E37D15,A,G2,full,Homarine,7932341760,NA,NA,NA
170706_Smp_S6E37D15_A,S6E37D15,A,G2,full,Trigonelline,5067076096,NA,NA,NA
170706_Smp_S6E37D15_A,S6E37D15,A,G2,full,Ectoine,84001040,NA,NA,NA
170706_Smp_S6E37D15_A,S6E37D15,A,G2,full,Proline betaine,538851200,NA,NA,NA
170706_Smp_S6E37D15_A,S6E37D15,A,G2,full,(3-Carboxypropyl)trimethylammonium,1460454016,NA,NA,NA
170706_Smp_S6E37D15_A,S6E37D15,A,G2,full,L-Glutamine,180400640,NA,NA,NA
170706_Smp_S6E37D15_A,S6E37D15,A,G2,full,L-Lysine,27185908,NA,NA,NA
170706_Smp_S6E37D15_A,S6E37D15,A,G2,full,beta-Glutamic acid,3849312,NA,NA,NA
170706_Smp_S6E37D15_A,S6E37D15,A,G2,full,L-Glutamic acid,232662224,NA,NA,NA
170706_Smp_S6E37D15_A,S6E37D15,A,G2,full,Hydroxyisoleucine,688258048,NA,NA,NA
170706_Smp_S6E37D15_A,S6E37D15,A,G2,full,L-Methionine,109929824,NA,NA,NA
170706_Smp_S6E37D15_A,S6E37D15,A,G2,full,5-Hydroxyectoine,52476444,NA,NA,NA
170706_Smp_S6E37D15_A,S6E37D15,A,G2,full,Betonicine,641761344,NA,NA,NA
170706_Smp_S6E37D15_A,S6E37D15,A,G2,full,Carnitine,2034622592,NA,NA,NA
170706_Smp_S6E37D15_A,S6E37D15,A,G2,full,L-Arginine,165854832,NA,NA,NA
170706_Smp_S6E37D15_A,S6E37D15,A,G2,full,Arsenobetaine,9119176,NA,NA,NA
170706_Smp_S6E37D15_A,S6E37D15,A,G2,full,Gonyol,985973888,NA,NA,NA
170706_Smp_S6E37D15_A,S6E37D15,A,G2,full,L-Tyrosine,81029280,NA,NA,NA
170706_Smp_S6E37D15_A,S6E37D15,A,G2,full,2-O-alpha-D-Glucosylglycerol,8004524,NA,NA,NA
170706_Smp_S6E37D15_A,S6E37D15,A,G2,full,Threonine Betaine (tentative),140101584,NA,NA,NA
170706_Smp_S6E37D15_A,S6E37D15,A,G2,full,Homoserine Betaine (tentative),1432264320,NA,NA,NA
170706_Smp_S6E37D15_A,S6E37D15,A,G2,full,Taurine,634474176,NA,NA,NA
170706_Smp_S6E37D15_A,S6E37D15,A,G2,full,Isethionic acid,1779506560,NA,NA,NA
170706_Smp_S6E37D15_A,S6E37D15,A,G2,full,"(R)-2,3-Dihydroxypropane-1-sulfonate",739222656,NA,NA,NA
170706_Smp_S6E37D15_A,S6E37D15,A,G2,full,L-Cysteic acid,9599,Flag,Flag,Smp_Remove
170706_Smp_S6E37D15_A,S6E37D15,A,G2,full,Sucrose,401191.75,NA,Flag,Smp_Remove
170706_Smp_S6E37D15_A,S6E37D15,A,G2,full,Trehalose,17676732,NA,NA,NA
170706_Smp_S6E37D15_B,S6E37D15,B,G2,full,Trimethylamine N-oxide,NA,NA,NA,NA
170706_Smp_S6E37D15_B,S6E37D15,B,G2,full,beta-Alanine,32822508,NA,NA,NA
170706_Smp_S6E37D15_B,S6E37D15,B,G2,full,L-Alanine,28954848,NA,NA,NA
170706_Smp_S6E37D15_B,S6E37D15,B,G2,full,Sarcosine,3850120,NA,NA,NA
170706_Smp_S6E37D15_B,S6E37D15,B,G2,full,L-Serine,3991668,NA,NA,NA
170706_Smp_S6E37D15_B,S6E37D15,B,G2,full,L-Proline,458791360,NA,NA,NA
170706_Smp_S6E37D15_B,S6E37D15,B,G2,full,Glycine betaine,24288196608,NA,NA,NA
170706_Smp_S6E37D15_B,S6E37D15,B,G2,full,L-Threonine,5878986,NA,NA,NA
170706_Smp_S6E37D15_B,S6E37D15,B,G2,full,Dimethylsulfonioacetate,2752750080,NA,NA,NA
170706_Smp_S6E37D15_B,S6E37D15,B,G2,full,beta-Alaninebetaine,10232329216,NA,NA,NA
170706_Smp_S6E37D15_B,S6E37D15,B,G2,full,L-Isoleucine,762488000,NA,NA,NA
170706_Smp_S6E37D15_B,S6E37D15,B,G2,full,L-Asparagine,9865830,NA,NA,NA
170706_Smp_S6E37D15_B,S6E37D15,B,G2,full,L-Aspartic acid,4974711,NA,NA,NA
170706_Smp_S6E37D15_B,S6E37D15,B,G2,full,Dimethylsulfoniopropionate,9886022656,NA,NA,NA
170706_Smp_S6E37D15_B,S6E37D15,B,G2,full,Homarine,5852804096,NA,NA,NA
170706_Smp_S6E37D15_B,S6E37D15,B,G2,full,Trigonelline,3722513920,NA,NA,NA
170706_Smp_S6E37D15_B,S6E37D15,B,G2,full,Ectoine,42799768,NA,NA,NA
170706_Smp_S6E37D15_B,S6E37D15,B,G2,full,Proline betaine,393226048,NA,NA,NA
170706_Smp_S6E37D15_B,S6E37D15,B,G2,full,(3-Carboxypropyl)trimethylammonium,970378240,NA,NA,NA
170706_Smp_S6E37D15_B,S6E37D15,B,G2,full,L-Glutamine,177454832,NA,NA,NA
170706_Smp_S6E37D15_B,S6E37D15,B,G2,full,L-Lysine,42433652,NA,NA,NA
170706_Smp_S6E37D15_B,S6E37D15,B,G2,full,beta-Glutamic acid,2695801,NA,NA,NA
170706_Smp_S6E37D15_B,S6E37D15,B,G2,full,L-Glutamic acid,186935328,NA,NA,NA
170706_Smp_S6E37D15_B,S6E37D15,B,G2,full,Hydroxyisoleucine,558181952,NA,NA,NA
170706_Smp_S6E37D15_B,S6E37D15,B,G2,full,L-Methionine,148413408,NA,NA,NA
170706_Smp_S6E37D15_B,S6E37D15,B,G2,full,5-Hydroxyectoine,10835604,NA,NA,NA
170706_Smp_S6E37D15_B,S6E37D15,B,G2,full,Betonicine,414218720,NA,NA,NA
170706_Smp_S6E37D15_B,S6E37D15,B,G2,full,Carnitine,1502903808,NA,NA,NA
170706_Smp_S6E37D15_B,S6E37D15,B,G2,full,L-Arginine,202070672,NA,NA,NA
170706_Smp_S6E37D15_B,S6E37D15,B,G2,full,Arsenobetaine,7464767,NA,NA,NA
170706_Smp_S6E37D15_B,S6E37D15,B,G2,full,Gonyol,1312005504,NA,NA,NA
170706_Smp_S6E37D15_B,S6E37D15,B,G2,full,L-Tyrosine,79281576,NA,NA,NA
170706_Smp_S6E37D15_B,S6E37D15,B,G2,full,2-O-alpha-D-Glucosylglycerol,7009337,NA,NA,NA
170706_Smp_S6E37D15_B,S6E37D15,B,G2,full,Threonine Betaine (tentative),103784504,NA,NA,NA
170706_Smp_S6E37D15_B,S6E37D15,B,G2,full,Homoserine Betaine (tentative),1111275264,NA,NA,NA
170706_Smp_S6E37D15_B,S6E37D15,B,G2,full,Taurine,550313152,NA,NA,NA
170706_Smp_S6E37D15_B,S6E37D15,B,G2,full,Isethionic acid,1687284736,NA,NA,NA
170706_Smp_S6E37D15_B,S6E37D15,B,G2,full,"(R)-2,3-Dihydroxypropane-1-sulfonate",579304960,NA,NA,NA
170706_Smp_S6E37D15_B,S6E37D15,B,G2,full,L-Cysteic acid,9599,Flag,Flag,Smp_Remove
170706_Smp_S6E37D15_B,S6E37D15,B,G2,full,Sucrose,401191.75,NA,Flag,Smp_Remove
170706_Smp_S6E37D15_B,S6E37D15,B,G2,full,Trehalose,16407371,NA,NA,NA
170706_Smp_S6E37D15_C,S6E37D15,C,G2,full,Trimethylamine N-oxide,NA,NA,NA,NA
170706_Smp_S6E37D15_C,S6E37D15,C,G2,full,beta-Alanine,30794400,NA,NA,NA
170706_Smp_S6E37D15_C,S6E37D15,C,G2,full,L-Alanine,27684954,NA,NA,NA
170706_Smp_S6E37D15_C,S6E37D15,C,G2,full,Sarcosine,2712556,NA,NA,NA
170706_Smp_S6E37D15_C,S6E37D15,C,G2,full,L-Serine,8525294,NA,NA,NA
170706_Smp_S6E37D15_C,S6E37D15,C,G2,full,L-Proline,491946336,NA,NA,NA
170706_Smp_S6E37D15_C,S6E37D15,C,G2,full,Glycine betaine,23725473792,NA,NA,NA
170706_Smp_S6E37D15_C,S6E37D15,C,G2,full,L-Threonine,9143502,NA,NA,NA
170706_Smp_S6E37D15_C,S6E37D15,C,G2,full,Dimethylsulfonioacetate,1904136192,NA,NA,NA
170706_Smp_S6E37D15_C,S6E37D15,C,G2,full,beta-Alaninebetaine,9242299392,NA,NA,NA
170706_Smp_S6E37D15_C,S6E37D15,C,G2,full,L-Isoleucine,827960704,NA,NA,NA
170706_Smp_S6E37D15_C,S6E37D15,C,G2,full,L-Asparagine,11404754,NA,NA,NA
170706_Smp_S6E37D15_C,S6E37D15,C,G2,full,L-Aspartic acid,5213171,NA,NA,NA
170706_Smp_S6E37D15_C,S6E37D15,C,G2,full,Dimethylsulfoniopropionate,3538414848,NA,NA,NA
170706_Smp_S6E37D15_C,S6E37D15,C,G2,full,Homarine,5058710016,NA,NA,NA
170706_Smp_S6E37D15_C,S6E37D15,C,G2,full,Trigonelline,3427937280,NA,NA,NA
170706_Smp_S6E37D15_C,S6E37D15,C,G2,full,Ectoine,49652060,NA,NA,NA
170706_Smp_S6E37D15_C,S6E37D15,C,G2,full,Proline betaine,349627616,NA,NA,NA
170706_Smp_S6E37D15_C,S6E37D15,C,G2,full,(3-Carboxypropyl)trimethylammonium,732593088,NA,NA,NA
170706_Smp_S6E37D15_C,S6E37D15,C,G2,full,L-Glutamine,197237328,NA,NA,NA
170706_Smp_S6E37D15_C,S6E37D15,C,G2,full,L-Lysine,46451028,NA,NA,NA
170706_Smp_S6E37D15_C,S6E37D15,C,G2,full,beta-Glutamic acid,1459008,NA,NA,NA
170706_Smp_S6E37D15_C,S6E37D15,C,G2,full,L-Glutamic acid,144679024,NA,NA,NA
170706_Smp_S6E37D15_C,S6E37D15,C,G2,full,Hydroxyisoleucine,451533664,NA,NA,NA
170706_Smp_S6E37D15_C,S6E37D15,C,G2,full,L-Methionine,132473840,NA,NA,NA
170706_Smp_S6E37D15_C,S6E37D15,C,G2,full,5-Hydroxyectoine,7066748,NA,NA,NA
170706_Smp_S6E37D15_C,S6E37D15,C,G2,full,Betonicine,343862400,NA,NA,NA
170706_Smp_S6E37D15_C,S6E37D15,C,G2,full,Carnitine,1310068480,NA,NA,NA
170706_Smp_S6E37D15_C,S6E37D15,C,G2,full,L-Arginine,245601616,NA,NA,NA
170706_Smp_S6E37D15_C,S6E37D15,C,G2,full,Arsenobetaine,7416937,NA,NA,NA
170706_Smp_S6E37D15_C,S6E37D15,C,G2,full,Gonyol,1429886720,NA,NA,NA
170706_Smp_S6E37D15_C,S6E37D15,C,G2,full,L-Tyrosine,96086632,NA,NA,NA
170706_Smp_S6E37D15_C,S6E37D15,C,G2,full,2-O-alpha-D-Glucosylglycerol,9204724,NA,NA,NA
170706_Smp_S6E37D15_C,S6E37D15,C,G2,full,Threonine Betaine (tentative),114488784,NA,NA,NA
170706_Smp_S6E37D15_C,S6E37D15,C,G2,full,Homoserine Betaine (tentative),900386176,NA,NA,NA
170706_Smp_S6E37D15_C,S6E37D15,C,G2,full,Taurine,439980576,NA,NA,NA
170706_Smp_S6E37D15_C,S6E37D15,C,G2,full,Isethionic acid,2312913664,NA,NA,NA
170706_Smp_S6E37D15_C,S6E37D15,C,G2,full,"(R)-2,3-Dihydroxypropane-1-sulfonate",826711168,NA,NA,NA
170706_Smp_S6E37D15_C,S6E37D15,C,G2,full,L-Cysteic acid,7042840,NA,NA,NA
170706_Smp_S6E37D15_C,S6E37D15,C,G2,full,Sucrose,8014566,NA,NA,NA
170706_Smp_S6E37D15_C,S6E37D15,C,G2,full,Trehalose,14056559,NA,NA,NA
170706_Smp_S6E37D15_Ds,S6E37D15,Ds,G2,small,Trimethylamine N-oxide,NA,NA,NA,NA
170706_Smp_S6E37D15_Ds,S6E37D15,Ds,G2,small,beta-Alanine,4629487,NA,NA,NA
170706_Smp_S6E37D15_Ds,S6E37D15,Ds,G2,small,L-Alanine,2881040,NA,NA,NA
170706_Smp_S6E37D15_Ds,S6E37D15,Ds,G2,small,Sarcosine,296608,NA,NA,NA
170706_Smp_S6E37D15_Ds,S6E37D15,Ds,G2,small,L-Serine,525538,NA,NA,NA
170706_Smp_S6E37D15_Ds,S6E37D15,Ds,G2,small,L-Proline,79043552,NA,NA,NA
170706_Smp_S6E37D15_Ds,S6E37D15,Ds,G2,small,Glycine betaine,5343512576,NA,NA,NA
170706_Smp_S6E37D15_Ds,S6E37D15,Ds,G2,small,L-Threonine,509216,NA,NA,NA
170706_Smp_S6E37D15_Ds,S6E37D15,Ds,G2,small,Dimethylsulfonioacetate,411832096,NA,NA,NA
170706_Smp_S6E37D15_Ds,S6E37D15,Ds,G2,small,beta-Alaninebetaine,2538446080,NA,NA,NA
170706_Smp_S6E37D15_Ds,S6E37D15,Ds,G2,small,L-Isoleucine,206593392,NA,NA,NA
170706_Smp_S6E37D15_Ds,S6E37D15,Ds,G2,small,L-Asparagine,1944638,NA,NA,NA
170706_Smp_S6E37D15_Ds,S6E37D15,Ds,G2,small,L-Aspartic acid,901080,NA,NA,NA
170706_Smp_S6E37D15_Ds,S6E37D15,Ds,G2,small,Dimethylsulfoniopropionate,231296416,NA,NA,NA
170706_Smp_S6E37D15_Ds,S6E37D15,Ds,G2,small,Homarine,1304066432,NA,NA,NA
170706_Smp_S6E37D15_Ds,S6E37D15,Ds,G2,small,Trigonelline,262425376,NA,NA,NA
170706_Smp_S6E37D15_Ds,S6E37D15,Ds,G2,small,Ectoine,13845242,NA,NA,NA
170706_Smp_S6E37D15_Ds,S6E37D15,Ds,G2,small,Proline betaine,130811848,NA,NA,NA
170706_Smp_S6E37D15_Ds,S6E37D15,Ds,G2,small,(3-Carboxypropyl)trimethylammonium,131005280,NA,NA,NA
170706_Smp_S6E37D15_Ds,S6E37D15,Ds,G2,small,L-Glutamine,21948676,NA,NA,NA
170706_Smp_S6E37D15_Ds,S6E37D15,Ds,G2,small,L-Lysine,2892042,NA,NA,NA
170706_Smp_S6E37D15_Ds,S6E37D15,Ds,G2,small,beta-Glutamic acid,814442,NA,NA,NA
170706_Smp_S6E37D15_Ds,S6E37D15,Ds,G2,small,L-Glutamic acid,92323008,NA,NA,NA
170706_Smp_S6E37D15_Ds,S6E37D15,Ds,G2,small,Hydroxyisoleucine,186235456,NA,NA,NA
170706_Smp_S6E37D15_Ds,S6E37D15,Ds,G2,small,L-Methionine,7375698,NA,NA,NA
170706_Smp_S6E37D15_Ds,S6E37D15,Ds,G2,small,5-Hydroxyectoine,1869912,NA,NA,NA
170706_Smp_S6E37D15_Ds,S6E37D15,Ds,G2,small,Betonicine,181767280,NA,NA,NA
170706_Smp_S6E37D15_Ds,S6E37D15,Ds,G2,small,Carnitine,330315808,NA,NA,NA
170706_Smp_S6E37D15_Ds,S6E37D15,Ds,G2,small,L-Arginine,7932784,NA,NA,NA
170706_Smp_S6E37D15_Ds,S6E37D15,Ds,G2,small,Arsenobetaine,2605456,NA,NA,NA
170706_Smp_S6E37D15_Ds,S6E37D15,Ds,G2,small,Gonyol,40312904,NA,NA,NA
170706_Smp_S6E37D15_Ds,S6E37D15,Ds,G2,small,L-Tyrosine,11128414,NA,NA,NA
170706_Smp_S6E37D15_Ds,S6E37D15,Ds,G2,small,2-O-alpha-D-Glucosylglycerol,609929,NA,NA,NA
170706_Smp_S6E37D15_Ds,S6E37D15,Ds,G2,small,Threonine Betaine (tentative),11797795,NA,NA,NA
170706_Smp_S6E37D15_Ds,S6E37D15,Ds,G2,small,Homoserine Betaine (tentative),524701824,NA,NA,NA
170706_Smp_S6E37D15_Ds,S6E37D15,Ds,G2,small,Taurine,59192744,NA,NA,NA
170706_Smp_S6E37D15_Ds,S6E37D15,Ds,G2,small,Isethionic acid,725135360,NA,NA,NA
170706_Smp_S6E37D15_Ds,S6E37D15,Ds,G2,small,"(R)-2,3-Dihydroxypropane-1-sulfonate",51269360,NA,NA,NA
170706_Smp_S6E37D15_Ds,S6E37D15,Ds,G2,small,L-Cysteic acid,9599,Flag,Flag,Smp_Remove
170706_Smp_S6E37D15_Ds,S6E37D15,Ds,G2,small,Sucrose,401191.75,NA,Flag,Smp_Remove
170706_Smp_S6E37D15_Ds,S6E37D15,Ds,G2,small,Trehalose,1042089,NA,NA,NA
